[Licensing::Module] Trying to connect to existing licensing client channel...
[Licensing::IpcConnector] Successfully connected to: "LicenseClient-Viktor" at "2026-05-07T12:05:50.1548442Z"
Built from '6000.4/staging' branch; Version is '6000.4.5f1 (cc83ebd631f8) revision 13403115'; Using compiler version '194234433'; Build Type 'Release'
OS: 'Windows 11  (10.0.26200) Professional' Language: 'en' Physical Memory: 16088 MB
BatchMode: 1, IsHumanControllingUs: 0, StartBugReporterOnCrash: 0, Is64bit: 1
System  architecture: x64
Process architecture: x64
Date: 2026-05-07T12:05:50Z

COMMAND LINE ARGUMENTS:
C:\Program Files\Unity\Hub\Editor\6000.4.5f1\Editor\Unity.exe
-adb2
-batchMode
-noUpm
-name
AssetImportWorker1
-projectPath
D:/Projects/Whisker's Rescue
-logFile
Logs/AssetImportWorker1.log
-srvPort
54050
-licensingIpc
LicenseClient-Viktor
-force-d3d12
-job-worker-count
7
-background-job-worker-count
8
-gc-helper-count
1
-name
AssetImport
Successfully changed project path to: D:/Projects/Whisker's Rescue
D:/Projects/Whisker's Rescue
[UnityMemory] Configuration Parameters - Can be set up in boot.config
    "memorysetup-temp-allocator-size-gi-baking-worker=262144"
    "memorysetup-temp-allocator-size-gi-baking-worker=262144"
    "memorysetup-temp-allocator-size-gi-baking-worker=262144"
    "memorysetup-temp-allocator-size-gi-baking-worker=262144"
    "memorysetup-temp-allocator-size-gi-baking-worker=262144"
    "memorysetup-temp-allocator-size-nav-mesh-worker=65536"
    "memorysetup-temp-allocator-size-audio-worker=65536"
    "memorysetup-temp-allocator-size-cloud-worker=32768"
    "memorysetup-temp-allocator-size-gfx=262144"
    "memorysetup-temp-allocator-size-preload-manager=33554432"
    "memorysetup-temp-allocator-size-job-worker=262144"
    "memorysetup-temp-allocator-size-background-worker=32768"
    "memorysetup-allocator-temp-initial-block-size-main=262144"
    "memorysetup-allocator-temp-initial-block-size-worker=262144"
    "memorysetup-bucket-allocator-granularity=16"
    "memorysetup-bucket-allocator-bucket-count=8"
    "memorysetup-bucket-allocator-block-size=33554432"
    "memorysetup-bucket-allocator-block-count=8"
    "memorysetup-main-allocator-block-size=16777216"
    "memorysetup-thread-allocator-block-size=16777216"
    "memorysetup-gfx-main-allocator-block-size=16777216"
    "memorysetup-gfx-thread-allocator-block-size=16777216"
    "memorysetup-cache-allocator-block-size=4194304"
    "memorysetup-typetree-allocator-block-size=2097152"
    "memorysetup-profiler-bucket-allocator-granularity=16"
    "memorysetup-profiler-bucket-allocator-bucket-count=8"
    "memorysetup-profiler-bucket-allocator-block-size=33554432"
    "memorysetup-profiler-bucket-allocator-block-count=8"
    "memorysetup-profiler-allocator-block-size=16777216"
    "memorysetup-profiler-editor-allocator-block-size=1048576"
    "memorysetup-temp-allocator-size-main=16777216"
    "memorysetup-job-temp-allocator-block-size=2097152"
    "memorysetup-job-temp-allocator-block-size-background=1048576"
    "memorysetup-job-temp-allocator-reduction-small-platforms=262144"
Player connection [20852]  Target information:

Player connection [20852]  * "[IP] 26.23.170.153 [Port] 0 [Flags] 2 [Guid] 754423069 [EditorId] 754423069 [Version] 1048832 [Id] WindowsEditor(7,DESKTOP-DODNHKO) [Debug] 1 [PackageName] WindowsEditor [ProjectName] Editor" 

Player connection [20852]  * "[IP] 192.168.100.73 [Port] 0 [Flags] 2 [Guid] 754423069 [EditorId] 754423069 [Version] 1048832 [Id] WindowsEditor(7,DESKTOP-DODNHKO) [Debug] 1 [PackageName] WindowsEditor [ProjectName] Editor" 

Player connection [20852] Host joined multi-casting on [225.0.0.222:54997]...
Player connection [20852] Host joined alternative multi-casting on [225.0.0.222:34997]...
JobSystem: Creating JobQueue using job-worker-count value 7
Input System module state changed to: Initialized.
[Physics::Module] Initialized fallback backend.
[Physics::Module] Id: 0xdecafbad
Library Redirect Path: Library/
[Physics::Module] Selected backend.
[Physics::Module] Name: PhysX
[Physics::Module] Id: 0xf2b8ea05
[Physics::Module] SDK Version: 4.1.2
[Physics::Module] Integration Version: 1.0.0
[Physics::Module] Threading Mode: Multi-Threaded
Refreshing native plugins compatible for Editor in 456.87 ms, found 5 plugins.
Initialize engine version: 6000.4.5f1 (cc83ebd631f8)
[Subsystems] Discovering subsystems at path C:/Program Files/Unity/Hub/Editor/6000.4.5f1/Editor/Data/Resources/UnitySubsystems
[Subsystems] Discovering subsystems at path D:/Projects/Whisker's Rescue/Assets
Forcing GfxDevice: Direct3D 12
GfxDevice: creating device client; kGfxThreadingModeNonThreaded
d3d12: failed to query info queue interface (0x80004002).
Direct3D:
    Version:         Direct3D 12 [level 12.2]
    Renderer:        NVIDIA GeForce RTX 2050 (ID=0x25ad)
    Vendor:          NVIDIA
    VRAM:            3965 MB
    App VRAM Budget: 3370 MB
    Driver:          32.0.15.9579
[Licensing::Client] Error: HandshakeResponse reported an error:
	ResponseCode: 505
	ResponseStatus: Unsupported protocol version '1.18.1'.
[Licensing::Module] Error: Failed to handshake to channel: "LicenseClient-Viktor"
[Licensing::IpcConnector] LicenseClient-Viktor channel disconnected successfully.
[Licensing::IpcConnector] Successfully connected to: "LicenseClient-Viktor-6000.4.5" at "2026-05-07T12:05:51.3327436Z"
[Licensing::Client] Code 10 while verifying Licensing Client signature (process Id: 4704, path: "C:/Program Files/Unity/Hub/Editor/6000.4.5f1/Editor/Data/Resources/Licensing/Client/Unity.Licensing.Client.exe")
[Licensing::Module] LicensingClient has failed validation; ignoring
[Licensing::Client] Handshaking with LicensingClient:
  Version:                 1.18.1+9fbee8e
  Session Id:              10811fdb1742404c9d6310efdfbf6f29
  Correlation Id:          04348eaa2123973e3a2c4e757ecd64a0
  External correlation Id: 340607131866115986
  Machine Id:              GrU6F07UNM9L6/1ZggyC6IG8hCA=
[Licensing::Module] Successfully connected to LicensingClient on channel: "LicenseClient-Viktor-6000.4.5" (connect: 0.00s, validation: 0.00s, handshake: 0.09s)
[Licensing::IpcConnector] Successfully connected to: "LicenseClient-Viktor-6000.4.5-notifications" at "2026-05-07T12:05:51.4266726Z"
[Licensing::Module] Licensing Background thread has ended after 1.27s
Initialize mono
Mono path[0] = 'C:/Program Files/Unity/Hub/Editor/6000.4.5f1/Editor/Data/Managed'
Mono path[1] = 'C:/Program Files/Unity/Hub/Editor/6000.4.5f1/Editor/Data/MonoBleedingEdge/lib/mono/unityjit-win32'
Mono config path = 'C:/Program Files/Unity/Hub/Editor/6000.4.5f1/Editor/Data/MonoBleedingEdge/etc'
Using monoOptions --debugger-agent=transport=dt_socket,embedding=1,server=y,suspend=n,address=127.0.0.1:56888
CodeReloadManager initialized
Begin MonoManager ReloadAssembly
Registering precompiled unity dll's ...
Register platform support module: C:/Program Files/Unity/Hub/Editor/6000.4.5f1/Editor/Data/PlaybackEngines/WindowsStandaloneSupport/UnityEditor.WindowsStandalone.Extensions.dll
Registered in 0.001994 seconds.
Native extension for WindowsStandalone target not found
Package Manager log level set to [2]
[Package Manager] Failed to launch server process. Reason: Unity was launched with the -noUpm command-line argument
[Package Manager] Unable to send message (not connected to server process).
[Package Manager] Cannot connect to Unity Package Manager local server
ScheduleIndexationOnStartup MainProcess:False IndexOnStartup:True
Mono: successfully reloaded assembly
- Finished resetting the current domain, in  0.443 seconds
Domain Reload Profiling: 3760ms
	BeginReloadAssembly (668ms)
	RebuildCommonClasses (547ms)
	RebuildNativeTypeToScriptingClass (11ms)
	initialDomainReloadingComplete (80ms)
	LoadAllAssembliesAndSetupDomain (2010ms)
		LoadAssemblies (664ms)
		AnalyzeDomain (1999ms)
			TypeCache.Refresh (1996ms)
				TypeCache.ScanAssembly (1283ms)
	FinalizeReload (444ms)
		SetupLoadedEditorAssemblies (0ms)
			InitializePlatformSupportModulesInManaged (44ms)
			BeforeProcessingInitializeOnLoad (94ms)
			ProcessInitializeOnLoadAttributes (135ms)
			ProcessInitializeOnLoadMethodAttributes (91ms)
========================================================================
Worker process is ready to serve import requests
Import Worker Mode flag is 0x00
Begin MonoManager ReloadAssembly
[Licensing::Client] Successfully resolved entitlement details
[Licensing::Module] License group:
  Id: 6872842145987-UnityPersXXXX
  Product: Unity Personal
  Type: Assigned
  Expiration: Unlimited
Assembly Assembly-CSharp-Editor-firstpass.dll at Library/ScriptAssemblies/Assembly-CSharp-Editor-firstpass.dll not valid. Loading of assembly skipped.
Assembly Assembly-CSharp-Editor.dll at Library/ScriptAssemblies/Assembly-CSharp-Editor.dll not valid. Loading of assembly skipped.
Assembly Assembly-CSharp-firstpass.dll at Library/ScriptAssemblies/Assembly-CSharp-firstpass.dll not valid. Loading of assembly skipped.
Assembly Cinemachine.Editor.Tests.dll at Library/ScriptAssemblies/Cinemachine.Editor.Tests.dll not valid. Loading of assembly skipped.
Assembly Cinemachine.Runtime.Tests.dll at Library/ScriptAssemblies/Cinemachine.Runtime.Tests.dll not valid. Loading of assembly skipped.
Assembly DocCodeExamples.dll at Library/ScriptAssemblies/DocCodeExamples.dll not valid. Loading of assembly skipped.
Assembly TestNewCustomAssembly.dll at Library/ScriptAssemblies/TestNewCustomAssembly.dll not valid. Loading of assembly skipped.
Assembly Unity.2D.Animation.EditorTests.dll at Library/ScriptAssemblies/Unity.2D.Animation.EditorTests.dll not valid. Loading of assembly skipped.
Assembly Unity.2D.Aseprite.EditorTests.dll at Library/ScriptAssemblies/Unity.2D.Aseprite.EditorTests.dll not valid. Loading of assembly skipped.
Assembly Unity.2D.Common.EditorTests.dll at Library/ScriptAssemblies/Unity.2D.Common.EditorTests.dll not valid. Loading of assembly skipped.
Assembly Unity.2D.Psdimporter.EditorTests.dll at Library/ScriptAssemblies/Unity.2D.Psdimporter.EditorTests.dll not valid. Loading of assembly skipped.
Assembly Unity.2D.Sprite.Package.EditorTests.dll at Library/ScriptAssemblies/Unity.2D.Sprite.Package.EditorTests.dll not valid. Loading of assembly skipped.
Assembly Unity.2D.SpriteShape.EditorTests.dll at Library/ScriptAssemblies/Unity.2D.SpriteShape.EditorTests.dll not valid. Loading of assembly skipped.
Assembly Unity.2D.Tilemap.Package.EditorTests.dll at Library/ScriptAssemblies/Unity.2D.Tilemap.Package.EditorTests.dll not valid. Loading of assembly skipped.
Assembly Unity.Collections.BurstCompatibilityGen.dll at Library/ScriptAssemblies/Unity.Collections.BurstCompatibilityGen.dll not valid. Loading of assembly skipped.
Assembly Unity.Collections.DocCodeSamples.dll at Library/ScriptAssemblies/Unity.Collections.DocCodeSamples.dll not valid. Loading of assembly skipped.
Assembly Unity.Collections.PerformanceTests.dll at Library/ScriptAssemblies/Unity.Collections.PerformanceTests.dll not valid. Loading of assembly skipped.
Assembly Unity.Collections.Tests.dll at Library/ScriptAssemblies/Unity.Collections.Tests.dll not valid. Loading of assembly skipped.
Assembly Unity.Collections.Tests.Playmode.dll at Library/ScriptAssemblies/Unity.Collections.Tests.Playmode.dll not valid. Loading of assembly skipped.
Assembly Unity.InputSystem.IntegrationTests.dll at Library/ScriptAssemblies/Unity.InputSystem.IntegrationTests.dll not valid. Loading of assembly skipped.
Assembly Unity.Mathematics.Tests.dll at Library/ScriptAssemblies/Unity.Mathematics.Tests.dll not valid. Loading of assembly skipped.
Assembly Unity.Multiplayer.Center.Editor.Tests.dll at Library/ScriptAssemblies/Unity.Multiplayer.Center.Editor.Tests.dll not valid. Loading of assembly skipped.
Assembly Unity.Multiplayer.Center.Tests.dll at Library/ScriptAssemblies/Unity.Multiplayer.Center.Tests.dll not valid. Loading of assembly skipped.
Assembly Unity.Nuget.Mono-Cecil.dll at Library/ScriptAssemblies/Unity.Nuget.Mono-Cecil.dll not valid. Loading of assembly skipped.
Assembly Unity.PathTracing.Editor.Tests.dll at Library/ScriptAssemblies/Unity.PathTracing.Editor.Tests.dll not valid. Loading of assembly skipped.
Assembly Unity.PathTracing.Runtime.Tests.dll at Library/ScriptAssemblies/Unity.PathTracing.Runtime.Tests.dll not valid. Loading of assembly skipped.
Assembly Unity.RenderPipelines.Core.Editor.Tests.dll at Library/ScriptAssemblies/Unity.RenderPipelines.Core.Editor.Tests.dll not valid. Loading of assembly skipped.
Assembly Unity.RenderPipelines.Core.Runtime.Tests.dll at Library/ScriptAssemblies/Unity.RenderPipelines.Core.Runtime.Tests.dll not valid. Loading of assembly skipped.
Assembly Unity.RenderPipelines.Universal.Config.Editor.Tests.dll at Library/ScriptAssemblies/Unity.RenderPipelines.Universal.Config.Editor.Tests.dll not valid. Loading of assembly skipped.
Assembly Unity.RenderPipelines.Universal.Editor.Tests.dll at Library/ScriptAssemblies/Unity.RenderPipelines.Universal.Editor.Tests.dll not valid. Loading of assembly skipped.
Assembly Unity.RenderPipelines.Universal.Runtime.Tests.dll at Library/ScriptAssemblies/Unity.RenderPipelines.Universal.Runtime.Tests.dll not valid. Loading of assembly skipped.
Assembly Unity.Searcher.EditorTests.dll at Library/ScriptAssemblies/Unity.Searcher.EditorTests.dll not valid. Loading of assembly skipped.
Assembly Unity.ShaderGraph.Editor.Tests.dll at Library/ScriptAssemblies/Unity.ShaderGraph.Editor.Tests.dll not valid. Loading of assembly skipped.
Assembly Unity.TextMeshPro.Editor.Tests.dll at Library/ScriptAssemblies/Unity.TextMeshPro.Editor.Tests.dll not valid. Loading of assembly skipped.
Assembly Unity.TextMeshPro.Tests.dll at Library/ScriptAssemblies/Unity.TextMeshPro.Tests.dll not valid. Loading of assembly skipped.
Assembly Unity.UnifiedRayTracing.Editor.Tests.dll at Library/ScriptAssemblies/Unity.UnifiedRayTracing.Editor.Tests.dll not valid. Loading of assembly skipped.
Assembly UnityEditor.UI.Common.Tests.dll at Library/ScriptAssemblies/UnityEditor.UI.Common.Tests.dll not valid. Loading of assembly skipped.
Assembly UnityEditor.UI.EditorTests.dll at Library/ScriptAssemblies/UnityEditor.UI.EditorTests.dll not valid. Loading of assembly skipped.
Assembly UnityEngine.UI.Tests.dll at Library/ScriptAssemblies/UnityEngine.UI.Tests.dll not valid. Loading of assembly skipped.
Native extension for WindowsStandalone target not found
[Package Manager] Failed to launch server process. Reason: Unity was launched with the -noUpm command-line argument
[Package Manager] Unable to send message (not connected to server process).
[Package Manager] Cannot connect to Unity Package Manager local server
[Package Manager] Failed to launch server process. Reason: Unity was launched with the -noUpm command-line argument
[Package Manager] Unable to send message (not connected to server process).
[Package Manager] Cannot connect to Unity Package Manager local server
Refreshing native plugins compatible for Editor in 2.40 ms, found 5 plugins.
ScheduleIndexationOnStartup MainProcess:False IndexOnStartup:True
Mono: successfully reloaded assembly
- Finished resetting the current domain, in  0.838 seconds
Domain Reload Profiling: 4516ms
	BeginReloadAssembly (221ms)
		DisableScriptedObjects (8ms)
		CreateAndSetChildDomain (38ms)
	RebuildCommonClasses (42ms)
	RebuildNativeTypeToScriptingClass (12ms)
	initialDomainReloadingComplete (94ms)
	LoadAllAssembliesAndSetupDomain (3307ms)
		LoadAssemblies (2960ms)
		AnalyzeDomain (467ms)
			TypeCache.Refresh (384ms)
				TypeCache.ScanAssembly (359ms)
			BuildScriptInfoCaches (70ms)
			ResolveRequiredComponents (11ms)
	FinalizeReload (839ms)
		SetupLoadedEditorAssemblies (0ms)
			InitializePlatformSupportModulesInManaged (3ms)
			BeforeProcessingInitializeOnLoad (177ms)
			ProcessInitializeOnLoadAttributes (393ms)
			ProcessInitializeOnLoadMethodAttributes (85ms)
			AfterProcessingInitializeOnLoad (5ms)
		AwakeInstancesAfterBackupRestoration (7ms)
WARNING: Shader Unsupported: 'Hidden/Universal Render Pipeline/Terrain/Lit (Base Pass)' - All subshaders removed
WARNING: Shader Did you use #pragma only_renderers and omit this platform?
WARNING: Shader If subshaders removal was intentional, you may have forgotten turning Fallback off?
WARNING: Shader Unsupported: 'Universal Render Pipeline/Terrain/Lit' - All subshaders removed
WARNING: Shader Did you use #pragma only_renderers and omit this platform?
WARNING: Shader If subshaders removal was intentional, you may have forgotten turning Fallback off?
Launched and connected shader compiler UnityShaderCompiler.exe after 0.05 seconds
Refreshing native plugins compatible for Editor in 2.28 ms, found 5 plugins.
Unloading 59 Unused Serialized files (Serialized files now loaded: 0)
Unloading 7463 unused Assets / (9.4 MB). Loaded Objects now: 8098.
Memory consumption went from 161.1 MB to 151.7 MB.
Total: 16.713100 ms (FindLiveObjects: 1.344100 ms CreateObjectMapping: 0.966400 ms MarkObjects: 6.474400 ms  DeleteObjects: 7.922300 ms)

========================================================================
Received Prepare
Begin MonoManager ReloadAssembly
Assembly Assembly-CSharp-Editor-firstpass.dll at Library/ScriptAssemblies/Assembly-CSharp-Editor-firstpass.dll not valid. Loading of assembly skipped.
Assembly Assembly-CSharp-Editor.dll at Library/ScriptAssemblies/Assembly-CSharp-Editor.dll not valid. Loading of assembly skipped.
Assembly Assembly-CSharp-firstpass.dll at Library/ScriptAssemblies/Assembly-CSharp-firstpass.dll not valid. Loading of assembly skipped.
Assembly Cinemachine.Editor.Tests.dll at Library/ScriptAssemblies/Cinemachine.Editor.Tests.dll not valid. Loading of assembly skipped.
Assembly Cinemachine.Runtime.Tests.dll at Library/ScriptAssemblies/Cinemachine.Runtime.Tests.dll not valid. Loading of assembly skipped.
Assembly DocCodeExamples.dll at Library/ScriptAssemblies/DocCodeExamples.dll not valid. Loading of assembly skipped.
Assembly TestNewCustomAssembly.dll at Library/ScriptAssemblies/TestNewCustomAssembly.dll not valid. Loading of assembly skipped.
Assembly Unity.2D.Animation.EditorTests.dll at Library/ScriptAssemblies/Unity.2D.Animation.EditorTests.dll not valid. Loading of assembly skipped.
Assembly Unity.2D.Aseprite.EditorTests.dll at Library/ScriptAssemblies/Unity.2D.Aseprite.EditorTests.dll not valid. Loading of assembly skipped.
Assembly Unity.2D.Common.EditorTests.dll at Library/ScriptAssemblies/Unity.2D.Common.EditorTests.dll not valid. Loading of assembly skipped.
Assembly Unity.2D.Psdimporter.EditorTests.dll at Library/ScriptAssemblies/Unity.2D.Psdimporter.EditorTests.dll not valid. Loading of assembly skipped.
Assembly Unity.2D.Sprite.Package.EditorTests.dll at Library/ScriptAssemblies/Unity.2D.Sprite.Package.EditorTests.dll not valid. Loading of assembly skipped.
Assembly Unity.2D.SpriteShape.EditorTests.dll at Library/ScriptAssemblies/Unity.2D.SpriteShape.EditorTests.dll not valid. Loading of assembly skipped.
Assembly Unity.2D.Tilemap.Package.EditorTests.dll at Library/ScriptAssemblies/Unity.2D.Tilemap.Package.EditorTests.dll not valid. Loading of assembly skipped.
Assembly Unity.Collections.BurstCompatibilityGen.dll at Library/ScriptAssemblies/Unity.Collections.BurstCompatibilityGen.dll not valid. Loading of assembly skipped.
Assembly Unity.Collections.DocCodeSamples.dll at Library/ScriptAssemblies/Unity.Collections.DocCodeSamples.dll not valid. Loading of assembly skipped.
Assembly Unity.Collections.PerformanceTests.dll at Library/ScriptAssemblies/Unity.Collections.PerformanceTests.dll not valid. Loading of assembly skipped.
Assembly Unity.Collections.Tests.dll at Library/ScriptAssemblies/Unity.Collections.Tests.dll not valid. Loading of assembly skipped.
Assembly Unity.Collections.Tests.Playmode.dll at Library/ScriptAssemblies/Unity.Collections.Tests.Playmode.dll not valid. Loading of assembly skipped.
Assembly Unity.InputSystem.IntegrationTests.dll at Library/ScriptAssemblies/Unity.InputSystem.IntegrationTests.dll not valid. Loading of assembly skipped.
Assembly Unity.Mathematics.Tests.dll at Library/ScriptAssemblies/Unity.Mathematics.Tests.dll not valid. Loading of assembly skipped.
Assembly Unity.Multiplayer.Center.Editor.Tests.dll at Library/ScriptAssemblies/Unity.Multiplayer.Center.Editor.Tests.dll not valid. Loading of assembly skipped.
Assembly Unity.Multiplayer.Center.Tests.dll at Library/ScriptAssemblies/Unity.Multiplayer.Center.Tests.dll not valid. Loading of assembly skipped.
Assembly Unity.Nuget.Mono-Cecil.dll at Library/ScriptAssemblies/Unity.Nuget.Mono-Cecil.dll not valid. Loading of assembly skipped.
Assembly Unity.PathTracing.Editor.Tests.dll at Library/ScriptAssemblies/Unity.PathTracing.Editor.Tests.dll not valid. Loading of assembly skipped.
Assembly Unity.PathTracing.Runtime.Tests.dll at Library/ScriptAssemblies/Unity.PathTracing.Runtime.Tests.dll not valid. Loading of assembly skipped.
Assembly Unity.RenderPipelines.Core.Editor.Tests.dll at Library/ScriptAssemblies/Unity.RenderPipelines.Core.Editor.Tests.dll not valid. Loading of assembly skipped.
Assembly Unity.RenderPipelines.Core.Runtime.Tests.dll at Library/ScriptAssemblies/Unity.RenderPipelines.Core.Runtime.Tests.dll not valid. Loading of assembly skipped.
Assembly Unity.RenderPipelines.Universal.Config.Editor.Tests.dll at Library/ScriptAssemblies/Unity.RenderPipelines.Universal.Config.Editor.Tests.dll not valid. Loading of assembly skipped.
Assembly Unity.RenderPipelines.Universal.Editor.Tests.dll at Library/ScriptAssemblies/Unity.RenderPipelines.Universal.Editor.Tests.dll not valid. Loading of assembly skipped.
Assembly Unity.RenderPipelines.Universal.Runtime.Tests.dll at Library/ScriptAssemblies/Unity.RenderPipelines.Universal.Runtime.Tests.dll not valid. Loading of assembly skipped.
Assembly Unity.Searcher.EditorTests.dll at Library/ScriptAssemblies/Unity.Searcher.EditorTests.dll not valid. Loading of assembly skipped.
Assembly Unity.ShaderGraph.Editor.Tests.dll at Library/ScriptAssemblies/Unity.ShaderGraph.Editor.Tests.dll not valid. Loading of assembly skipped.
Assembly Unity.TextMeshPro.Editor.Tests.dll at Library/ScriptAssemblies/Unity.TextMeshPro.Editor.Tests.dll not valid. Loading of assembly skipped.
Assembly Unity.TextMeshPro.Tests.dll at Library/ScriptAssemblies/Unity.TextMeshPro.Tests.dll not valid. Loading of assembly skipped.
Assembly Unity.UnifiedRayTracing.Editor.Tests.dll at Library/ScriptAssemblies/Unity.UnifiedRayTracing.Editor.Tests.dll not valid. Loading of assembly skipped.
Assembly UnityEditor.UI.Common.Tests.dll at Library/ScriptAssemblies/UnityEditor.UI.Common.Tests.dll not valid. Loading of assembly skipped.
Assembly UnityEditor.UI.EditorTests.dll at Library/ScriptAssemblies/UnityEditor.UI.EditorTests.dll not valid. Loading of assembly skipped.
Assembly UnityEngine.UI.Tests.dll at Library/ScriptAssemblies/UnityEngine.UI.Tests.dll not valid. Loading of assembly skipped.
Native extension for WindowsStandalone target not found
[Package Manager] Failed to launch server process. Reason: Unity was launched with the -noUpm command-line argument
[Package Manager] Unable to send message (not connected to server process).
[Package Manager] Cannot connect to Unity Package Manager local server
[Package Manager] Failed to launch server process. Reason: Unity was launched with the -noUpm command-line argument
[Package Manager] Unable to send message (not connected to server process).
[Package Manager] Cannot connect to Unity Package Manager local server
ScheduleIndexationOnStartup MainProcess:False IndexOnStartup:True
Mono: successfully reloaded assembly
- Finished resetting the current domain, in  0.758 seconds
Domain Reload Profiling: 1465ms
	BeginReloadAssembly (193ms)
		DisableScriptedObjects (9ms)
		CreateAndSetChildDomain (46ms)
	RebuildCommonClasses (33ms)
	RebuildNativeTypeToScriptingClass (10ms)
	initialDomainReloadingComplete (58ms)
	LoadAllAssembliesAndSetupDomain (414ms)
		LoadAssemblies (319ms)
		AnalyzeDomain (184ms)
			TypeCache.Refresh (9ms)
			BuildScriptInfoCaches (163ms)
			ResolveRequiredComponents (11ms)
	FinalizeReload (758ms)
		SetupLoadedEditorAssemblies (0ms)
			BeforeProcessingInitializeOnLoad (130ms)
			ProcessInitializeOnLoadAttributes (345ms)
			ProcessInitializeOnLoadMethodAttributes (111ms)
			AfterProcessingInitializeOnLoad (6ms)
		AwakeInstancesAfterBackupRestoration (12ms)
WARNING: Shader Unsupported: 'Hidden/Universal Render Pipeline/Terrain/Lit (Base Pass)' - All subshaders removed
WARNING: Shader Did you use #pragma only_renderers and omit this platform?
WARNING: Shader If subshaders removal was intentional, you may have forgotten turning Fallback off?
WARNING: Shader Unsupported: 'Universal Render Pipeline/Terrain/Lit' - All subshaders removed
WARNING: Shader Did you use #pragma only_renderers and omit this platform?
WARNING: Shader If subshaders removal was intentional, you may have forgotten turning Fallback off?
Refreshing native plugins compatible for Editor in 2.13 ms, found 5 plugins.
Unloading 58 Unused Serialized files (Serialized files now loaded: 0)
Unloading 7460 unused Assets / (9.2 MB). Loaded Objects now: 8102.
Memory consumption went from 161.5 MB to 152.3 MB.
Total: 19.339500 ms (FindLiveObjects: 1.332700 ms CreateObjectMapping: 1.645100 ms MarkObjects: 7.785400 ms  DeleteObjects: 8.573500 ms)

Prepare: number of updated asset objects reloaded= 0
========================================================================
Received Prepare
Begin MonoManager ReloadAssembly
[Licensing::Client] Successfully resolved entitlement details
Assembly Assembly-CSharp-Editor-firstpass.dll at Library/ScriptAssemblies/Assembly-CSharp-Editor-firstpass.dll not valid. Loading of assembly skipped.
Assembly Assembly-CSharp-Editor.dll at Library/ScriptAssemblies/Assembly-CSharp-Editor.dll not valid. Loading of assembly skipped.
Assembly Assembly-CSharp-firstpass.dll at Library/ScriptAssemblies/Assembly-CSharp-firstpass.dll not valid. Loading of assembly skipped.
Assembly Cinemachine.Editor.Tests.dll at Library/ScriptAssemblies/Cinemachine.Editor.Tests.dll not valid. Loading of assembly skipped.
Assembly Cinemachine.Runtime.Tests.dll at Library/ScriptAssemblies/Cinemachine.Runtime.Tests.dll not valid. Loading of assembly skipped.
Assembly DocCodeExamples.dll at Library/ScriptAssemblies/DocCodeExamples.dll not valid. Loading of assembly skipped.
Assembly TestNewCustomAssembly.dll at Library/ScriptAssemblies/TestNewCustomAssembly.dll not valid. Loading of assembly skipped.
Assembly Unity.2D.Animation.EditorTests.dll at Library/ScriptAssemblies/Unity.2D.Animation.EditorTests.dll not valid. Loading of assembly skipped.
Assembly Unity.2D.Aseprite.EditorTests.dll at Library/ScriptAssemblies/Unity.2D.Aseprite.EditorTests.dll not valid. Loading of assembly skipped.
Assembly Unity.2D.Common.EditorTests.dll at Library/ScriptAssemblies/Unity.2D.Common.EditorTests.dll not valid. Loading of assembly skipped.
Assembly Unity.2D.Psdimporter.EditorTests.dll at Library/ScriptAssemblies/Unity.2D.Psdimporter.EditorTests.dll not valid. Loading of assembly skipped.
Assembly Unity.2D.Sprite.Package.EditorTests.dll at Library/ScriptAssemblies/Unity.2D.Sprite.Package.EditorTests.dll not valid. Loading of assembly skipped.
Assembly Unity.2D.SpriteShape.EditorTests.dll at Library/ScriptAssemblies/Unity.2D.SpriteShape.EditorTests.dll not valid. Loading of assembly skipped.
Assembly Unity.2D.Tilemap.Package.EditorTests.dll at Library/ScriptAssemblies/Unity.2D.Tilemap.Package.EditorTests.dll not valid. Loading of assembly skipped.
Assembly Unity.Collections.BurstCompatibilityGen.dll at Library/ScriptAssemblies/Unity.Collections.BurstCompatibilityGen.dll not valid. Loading of assembly skipped.
Assembly Unity.Collections.DocCodeSamples.dll at Library/ScriptAssemblies/Unity.Collections.DocCodeSamples.dll not valid. Loading of assembly skipped.
Assembly Unity.Collections.PerformanceTests.dll at Library/ScriptAssemblies/Unity.Collections.PerformanceTests.dll not valid. Loading of assembly skipped.
Assembly Unity.Collections.Tests.dll at Library/ScriptAssemblies/Unity.Collections.Tests.dll not valid. Loading of assembly skipped.
Assembly Unity.Collections.Tests.Playmode.dll at Library/ScriptAssemblies/Unity.Collections.Tests.Playmode.dll not valid. Loading of assembly skipped.
Assembly Unity.InputSystem.IntegrationTests.dll at Library/ScriptAssemblies/Unity.InputSystem.IntegrationTests.dll not valid. Loading of assembly skipped.
Assembly Unity.Mathematics.Tests.dll at Library/ScriptAssemblies/Unity.Mathematics.Tests.dll not valid. Loading of assembly skipped.
Assembly Unity.Multiplayer.Center.Editor.Tests.dll at Library/ScriptAssemblies/Unity.Multiplayer.Center.Editor.Tests.dll not valid. Loading of assembly skipped.
Assembly Unity.Multiplayer.Center.Tests.dll at Library/ScriptAssemblies/Unity.Multiplayer.Center.Tests.dll not valid. Loading of assembly skipped.
Assembly Unity.Nuget.Mono-Cecil.dll at Library/ScriptAssemblies/Unity.Nuget.Mono-Cecil.dll not valid. Loading of assembly skipped.
Assembly Unity.PathTracing.Editor.Tests.dll at Library/ScriptAssemblies/Unity.PathTracing.Editor.Tests.dll not valid. Loading of assembly skipped.
Assembly Unity.PathTracing.Runtime.Tests.dll at Library/ScriptAssemblies/Unity.PathTracing.Runtime.Tests.dll not valid. Loading of assembly skipped.
Assembly Unity.RenderPipelines.Core.Editor.Tests.dll at Library/ScriptAssemblies/Unity.RenderPipelines.Core.Editor.Tests.dll not valid. Loading of assembly skipped.
Assembly Unity.RenderPipelines.Core.Runtime.Tests.dll at Library/ScriptAssemblies/Unity.RenderPipelines.Core.Runtime.Tests.dll not valid. Loading of assembly skipped.
Assembly Unity.RenderPipelines.Universal.Config.Editor.Tests.dll at Library/ScriptAssemblies/Unity.RenderPipelines.Universal.Config.Editor.Tests.dll not valid. Loading of assembly skipped.
Assembly Unity.RenderPipelines.Universal.Editor.Tests.dll at Library/ScriptAssemblies/Unity.RenderPipelines.Universal.Editor.Tests.dll not valid. Loading of assembly skipped.
Assembly Unity.RenderPipelines.Universal.Runtime.Tests.dll at Library/ScriptAssemblies/Unity.RenderPipelines.Universal.Runtime.Tests.dll not valid. Loading of assembly skipped.
Assembly Unity.Searcher.EditorTests.dll at Library/ScriptAssemblies/Unity.Searcher.EditorTests.dll not valid. Loading of assembly skipped.
Assembly Unity.ShaderGraph.Editor.Tests.dll at Library/ScriptAssemblies/Unity.ShaderGraph.Editor.Tests.dll not valid. Loading of assembly skipped.
Assembly Unity.TextMeshPro.Editor.Tests.dll at Library/ScriptAssemblies/Unity.TextMeshPro.Editor.Tests.dll not valid. Loading of assembly skipped.
Assembly Unity.TextMeshPro.Tests.dll at Library/ScriptAssemblies/Unity.TextMeshPro.Tests.dll not valid. Loading of assembly skipped.
Assembly Unity.UnifiedRayTracing.Editor.Tests.dll at Library/ScriptAssemblies/Unity.UnifiedRayTracing.Editor.Tests.dll not valid. Loading of assembly skipped.
Assembly UnityEditor.UI.Common.Tests.dll at Library/ScriptAssemblies/UnityEditor.UI.Common.Tests.dll not valid. Loading of assembly skipped.
Assembly UnityEditor.UI.EditorTests.dll at Library/ScriptAssemblies/UnityEditor.UI.EditorTests.dll not valid. Loading of assembly skipped.
Assembly UnityEngine.UI.Tests.dll at Library/ScriptAssemblies/UnityEngine.UI.Tests.dll not valid. Loading of assembly skipped.
Native extension for WindowsStandalone target not found
[Package Manager] Failed to launch server process. Reason: Unity was launched with the -noUpm command-line argument
[Package Manager] Unable to send message (not connected to server process).
[Package Manager] Cannot connect to Unity Package Manager local server
[Package Manager] Failed to launch server process. Reason: Unity was launched with the -noUpm command-line argument
[Package Manager] Unable to send message (not connected to server process).
[Package Manager] Cannot connect to Unity Package Manager local server
ScheduleIndexationOnStartup MainProcess:False IndexOnStartup:True
Mono: successfully reloaded assembly
- Finished resetting the current domain, in  0.966 seconds
Domain Reload Profiling: 1707ms
	BeginReloadAssembly (190ms)
		DisableScriptedObjects (10ms)
		CreateAndSetChildDomain (43ms)
	RebuildCommonClasses (31ms)
	RebuildNativeTypeToScriptingClass (11ms)
	initialDomainReloadingComplete (60ms)
	LoadAllAssembliesAndSetupDomain (448ms)
		LoadAssemblies (317ms)
		AnalyzeDomain (215ms)
			TypeCache.Refresh (9ms)
			BuildScriptInfoCaches (191ms)
			ResolveRequiredComponents (12ms)
	FinalizeReload (967ms)
		SetupLoadedEditorAssemblies (0ms)
			InitializePlatformSupportModulesInManaged (3ms)
			BeforeProcessingInitializeOnLoad (185ms)
			ProcessInitializeOnLoadAttributes (427ms)
			ProcessInitializeOnLoadMethodAttributes (108ms)
			AfterProcessingInitializeOnLoad (7ms)
		AwakeInstancesAfterBackupRestoration (9ms)
WARNING: Shader Unsupported: 'Hidden/Universal Render Pipeline/Terrain/Lit (Base Pass)' - All subshaders removed
WARNING: Shader Did you use #pragma only_renderers and omit this platform?
WARNING: Shader If subshaders removal was intentional, you may have forgotten turning Fallback off?
WARNING: Shader Unsupported: 'Universal Render Pipeline/Terrain/Lit' - All subshaders removed
WARNING: Shader Did you use #pragma only_renderers and omit this platform?
WARNING: Shader If subshaders removal was intentional, you may have forgotten turning Fallback off?
Unloading 58 Unused Serialized files (Serialized files now loaded: 0)
Unloading 7460 unused Assets / (8.9 MB). Loaded Objects now: 8105.
Memory consumption went from 164.1 MB to 155.2 MB.
Total: 19.696900 ms (FindLiveObjects: 1.605300 ms CreateObjectMapping: 1.234900 ms MarkObjects: 7.675700 ms  DeleteObjects: 9.178000 ms)

Prepare: number of updated asset objects reloaded= 0
========================================================================
Received Prepare
Begin MonoManager ReloadAssembly
[Licensing::Client] Successfully resolved entitlement details
Assembly Assembly-CSharp-Editor-firstpass.dll at Library/ScriptAssemblies/Assembly-CSharp-Editor-firstpass.dll not valid. Loading of assembly skipped.
Assembly Assembly-CSharp-Editor.dll at Library/ScriptAssemblies/Assembly-CSharp-Editor.dll not valid. Loading of assembly skipped.
Assembly Assembly-CSharp-firstpass.dll at Library/ScriptAssemblies/Assembly-CSharp-firstpass.dll not valid. Loading of assembly skipped.
Assembly Cinemachine.Editor.Tests.dll at Library/ScriptAssemblies/Cinemachine.Editor.Tests.dll not valid. Loading of assembly skipped.
Assembly Cinemachine.Runtime.Tests.dll at Library/ScriptAssemblies/Cinemachine.Runtime.Tests.dll not valid. Loading of assembly skipped.
Assembly DocCodeExamples.dll at Library/ScriptAssemblies/DocCodeExamples.dll not valid. Loading of assembly skipped.
Assembly TestNewCustomAssembly.dll at Library/ScriptAssemblies/TestNewCustomAssembly.dll not valid. Loading of assembly skipped.
Assembly Unity.2D.Animation.EditorTests.dll at Library/ScriptAssemblies/Unity.2D.Animation.EditorTests.dll not valid. Loading of assembly skipped.
Assembly Unity.2D.Aseprite.EditorTests.dll at Library/ScriptAssemblies/Unity.2D.Aseprite.EditorTests.dll not valid. Loading of assembly skipped.
Assembly Unity.2D.Common.EditorTests.dll at Library/ScriptAssemblies/Unity.2D.Common.EditorTests.dll not valid. Loading of assembly skipped.
Assembly Unity.2D.Psdimporter.EditorTests.dll at Library/ScriptAssemblies/Unity.2D.Psdimporter.EditorTests.dll not valid. Loading of assembly skipped.
Assembly Unity.2D.Sprite.Package.EditorTests.dll at Library/ScriptAssemblies/Unity.2D.Sprite.Package.EditorTests.dll not valid. Loading of assembly skipped.
Assembly Unity.2D.SpriteShape.EditorTests.dll at Library/ScriptAssemblies/Unity.2D.SpriteShape.EditorTests.dll not valid. Loading of assembly skipped.
Assembly Unity.2D.Tilemap.Package.EditorTests.dll at Library/ScriptAssemblies/Unity.2D.Tilemap.Package.EditorTests.dll not valid. Loading of assembly skipped.
Assembly Unity.Collections.BurstCompatibilityGen.dll at Library/ScriptAssemblies/Unity.Collections.BurstCompatibilityGen.dll not valid. Loading of assembly skipped.
Assembly Unity.Collections.DocCodeSamples.dll at Library/ScriptAssemblies/Unity.Collections.DocCodeSamples.dll not valid. Loading of assembly skipped.
Assembly Unity.Collections.PerformanceTests.dll at Library/ScriptAssemblies/Unity.Collections.PerformanceTests.dll not valid. Loading of assembly skipped.
Assembly Unity.Collections.Tests.dll at Library/ScriptAssemblies/Unity.Collections.Tests.dll not valid. Loading of assembly skipped.
Assembly Unity.Collections.Tests.Playmode.dll at Library/ScriptAssemblies/Unity.Collections.Tests.Playmode.dll not valid. Loading of assembly skipped.
Assembly Unity.InputSystem.IntegrationTests.dll at Library/ScriptAssemblies/Unity.InputSystem.IntegrationTests.dll not valid. Loading of assembly skipped.
Assembly Unity.Mathematics.Tests.dll at Library/ScriptAssemblies/Unity.Mathematics.Tests.dll not valid. Loading of assembly skipped.
Assembly Unity.Multiplayer.Center.Editor.Tests.dll at Library/ScriptAssemblies/Unity.Multiplayer.Center.Editor.Tests.dll not valid. Loading of assembly skipped.
Assembly Unity.Multiplayer.Center.Tests.dll at Library/ScriptAssemblies/Unity.Multiplayer.Center.Tests.dll not valid. Loading of assembly skipped.
Assembly Unity.Nuget.Mono-Cecil.dll at Library/ScriptAssemblies/Unity.Nuget.Mono-Cecil.dll not valid. Loading of assembly skipped.
Assembly Unity.PathTracing.Editor.Tests.dll at Library/ScriptAssemblies/Unity.PathTracing.Editor.Tests.dll not valid. Loading of assembly skipped.
Assembly Unity.PathTracing.Runtime.Tests.dll at Library/ScriptAssemblies/Unity.PathTracing.Runtime.Tests.dll not valid. Loading of assembly skipped.
Assembly Unity.RenderPipelines.Core.Editor.Tests.dll at Library/ScriptAssemblies/Unity.RenderPipelines.Core.Editor.Tests.dll not valid. Loading of assembly skipped.
Assembly Unity.RenderPipelines.Core.Runtime.Tests.dll at Library/ScriptAssemblies/Unity.RenderPipelines.Core.Runtime.Tests.dll not valid. Loading of assembly skipped.
Assembly Unity.RenderPipelines.Universal.Config.Editor.Tests.dll at Library/ScriptAssemblies/Unity.RenderPipelines.Universal.Config.Editor.Tests.dll not valid. Loading of assembly skipped.
Assembly Unity.RenderPipelines.Universal.Editor.Tests.dll at Library/ScriptAssemblies/Unity.RenderPipelines.Universal.Editor.Tests.dll not valid. Loading of assembly skipped.
Assembly Unity.RenderPipelines.Universal.Runtime.Tests.dll at Library/ScriptAssemblies/Unity.RenderPipelines.Universal.Runtime.Tests.dll not valid. Loading of assembly skipped.
Assembly Unity.Searcher.EditorTests.dll at Library/ScriptAssemblies/Unity.Searcher.EditorTests.dll not valid. Loading of assembly skipped.
Assembly Unity.ShaderGraph.Editor.Tests.dll at Library/ScriptAssemblies/Unity.ShaderGraph.Editor.Tests.dll not valid. Loading of assembly skipped.
Assembly Unity.TextMeshPro.Editor.Tests.dll at Library/ScriptAssemblies/Unity.TextMeshPro.Editor.Tests.dll not valid. Loading of assembly skipped.
Assembly Unity.TextMeshPro.Tests.dll at Library/ScriptAssemblies/Unity.TextMeshPro.Tests.dll not valid. Loading of assembly skipped.
Assembly Unity.UnifiedRayTracing.Editor.Tests.dll at Library/ScriptAssemblies/Unity.UnifiedRayTracing.Editor.Tests.dll not valid. Loading of assembly skipped.
Assembly UnityEditor.UI.Common.Tests.dll at Library/ScriptAssemblies/UnityEditor.UI.Common.Tests.dll not valid. Loading of assembly skipped.
Assembly UnityEditor.UI.EditorTests.dll at Library/ScriptAssemblies/UnityEditor.UI.EditorTests.dll not valid. Loading of assembly skipped.
Assembly UnityEngine.UI.Tests.dll at Library/ScriptAssemblies/UnityEngine.UI.Tests.dll not valid. Loading of assembly skipped.
Native extension for WindowsStandalone target not found
[Package Manager] Failed to launch server process. Reason: Unity was launched with the -noUpm command-line argument
[Package Manager] Unable to send message (not connected to server process).
[Package Manager] Cannot connect to Unity Package Manager local server
[Package Manager] Failed to launch server process. Reason: Unity was launched with the -noUpm command-line argument
[Package Manager] Unable to send message (not connected to server process).
[Package Manager] Cannot connect to Unity Package Manager local server
ScheduleIndexationOnStartup MainProcess:False IndexOnStartup:True
Mono: successfully reloaded assembly
- Finished resetting the current domain, in  0.735 seconds
Domain Reload Profiling: 1439ms
	BeginReloadAssembly (193ms)
		DisableScriptedObjects (10ms)
		CreateAndSetChildDomain (42ms)
	RebuildCommonClasses (31ms)
	RebuildNativeTypeToScriptingClass (10ms)
	initialDomainReloadingComplete (59ms)
	LoadAllAssembliesAndSetupDomain (412ms)
		LoadAssemblies (315ms)
		AnalyzeDomain (184ms)
			TypeCache.Refresh (9ms)
			BuildScriptInfoCaches (165ms)
			ResolveRequiredComponents (9ms)
	FinalizeReload (735ms)
		SetupLoadedEditorAssemblies (0ms)
			BeforeProcessingInitializeOnLoad (129ms)
			ProcessInitializeOnLoadAttributes (330ms)
			ProcessInitializeOnLoadMethodAttributes (105ms)
			AfterProcessingInitializeOnLoad (6ms)
		AwakeInstancesAfterBackupRestoration (10ms)
WARNING: Shader Unsupported: 'Hidden/Universal Render Pipeline/Terrain/Lit (Base Pass)' - All subshaders removed
WARNING: Shader Did you use #pragma only_renderers and omit this platform?
WARNING: Shader If subshaders removal was intentional, you may have forgotten turning Fallback off?
WARNING: Shader Unsupported: 'Universal Render Pipeline/Terrain/Lit' - All subshaders removed
WARNING: Shader Did you use #pragma only_renderers and omit this platform?
WARNING: Shader If subshaders removal was intentional, you may have forgotten turning Fallback off?
Refreshing native plugins compatible for Editor in 2.05 ms, found 5 plugins.
Unloading 58 Unused Serialized files (Serialized files now loaded: 0)
Unloading 7460 unused Assets / (8.6 MB). Loaded Objects now: 8108.
Memory consumption went from 166.7 MB to 158.1 MB.
Total: 18.767800 ms (FindLiveObjects: 1.611100 ms CreateObjectMapping: 2.215900 ms MarkObjects: 7.659900 ms  DeleteObjects: 7.277600 ms)

Prepare: number of updated asset objects reloaded= 0
========================================================================
Received Prepare
Begin MonoManager ReloadAssembly
[Licensing::Client] Successfully resolved entitlement details
Assembly Assembly-CSharp-Editor-firstpass.dll at Library/ScriptAssemblies/Assembly-CSharp-Editor-firstpass.dll not valid. Loading of assembly skipped.
Assembly Assembly-CSharp-Editor.dll at Library/ScriptAssemblies/Assembly-CSharp-Editor.dll not valid. Loading of assembly skipped.
Assembly Assembly-CSharp-firstpass.dll at Library/ScriptAssemblies/Assembly-CSharp-firstpass.dll not valid. Loading of assembly skipped.
Assembly Cinemachine.Editor.Tests.dll at Library/ScriptAssemblies/Cinemachine.Editor.Tests.dll not valid. Loading of assembly skipped.
Assembly Cinemachine.Runtime.Tests.dll at Library/ScriptAssemblies/Cinemachine.Runtime.Tests.dll not valid. Loading of assembly skipped.
Assembly DocCodeExamples.dll at Library/ScriptAssemblies/DocCodeExamples.dll not valid. Loading of assembly skipped.
Assembly TestNewCustomAssembly.dll at Library/ScriptAssemblies/TestNewCustomAssembly.dll not valid. Loading of assembly skipped.
Assembly Unity.2D.Animation.EditorTests.dll at Library/ScriptAssemblies/Unity.2D.Animation.EditorTests.dll not valid. Loading of assembly skipped.
Assembly Unity.2D.Aseprite.EditorTests.dll at Library/ScriptAssemblies/Unity.2D.Aseprite.EditorTests.dll not valid. Loading of assembly skipped.
Assembly Unity.2D.Common.EditorTests.dll at Library/ScriptAssemblies/Unity.2D.Common.EditorTests.dll not valid. Loading of assembly skipped.
Assembly Unity.2D.Psdimporter.EditorTests.dll at Library/ScriptAssemblies/Unity.2D.Psdimporter.EditorTests.dll not valid. Loading of assembly skipped.
Assembly Unity.2D.Sprite.Package.EditorTests.dll at Library/ScriptAssemblies/Unity.2D.Sprite.Package.EditorTests.dll not valid. Loading of assembly skipped.
Assembly Unity.2D.SpriteShape.EditorTests.dll at Library/ScriptAssemblies/Unity.2D.SpriteShape.EditorTests.dll not valid. Loading of assembly skipped.
Assembly Unity.2D.Tilemap.Package.EditorTests.dll at Library/ScriptAssemblies/Unity.2D.Tilemap.Package.EditorTests.dll not valid. Loading of assembly skipped.
Assembly Unity.Collections.BurstCompatibilityGen.dll at Library/ScriptAssemblies/Unity.Collections.BurstCompatibilityGen.dll not valid. Loading of assembly skipped.
Assembly Unity.Collections.DocCodeSamples.dll at Library/ScriptAssemblies/Unity.Collections.DocCodeSamples.dll not valid. Loading of assembly skipped.
Assembly Unity.Collections.PerformanceTests.dll at Library/ScriptAssemblies/Unity.Collections.PerformanceTests.dll not valid. Loading of assembly skipped.
Assembly Unity.Collections.Tests.dll at Library/ScriptAssemblies/Unity.Collections.Tests.dll not valid. Loading of assembly skipped.
Assembly Unity.Collections.Tests.Playmode.dll at Library/ScriptAssemblies/Unity.Collections.Tests.Playmode.dll not valid. Loading of assembly skipped.
Assembly Unity.InputSystem.IntegrationTests.dll at Library/ScriptAssemblies/Unity.InputSystem.IntegrationTests.dll not valid. Loading of assembly skipped.
Assembly Unity.Mathematics.Tests.dll at Library/ScriptAssemblies/Unity.Mathematics.Tests.dll not valid. Loading of assembly skipped.
Assembly Unity.Multiplayer.Center.Editor.Tests.dll at Library/ScriptAssemblies/Unity.Multiplayer.Center.Editor.Tests.dll not valid. Loading of assembly skipped.
Assembly Unity.Multiplayer.Center.Tests.dll at Library/ScriptAssemblies/Unity.Multiplayer.Center.Tests.dll not valid. Loading of assembly skipped.
Assembly Unity.Nuget.Mono-Cecil.dll at Library/ScriptAssemblies/Unity.Nuget.Mono-Cecil.dll not valid. Loading of assembly skipped.
Assembly Unity.PathTracing.Editor.Tests.dll at Library/ScriptAssemblies/Unity.PathTracing.Editor.Tests.dll not valid. Loading of assembly skipped.
Assembly Unity.PathTracing.Runtime.Tests.dll at Library/ScriptAssemblies/Unity.PathTracing.Runtime.Tests.dll not valid. Loading of assembly skipped.
Assembly Unity.RenderPipelines.Core.Editor.Tests.dll at Library/ScriptAssemblies/Unity.RenderPipelines.Core.Editor.Tests.dll not valid. Loading of assembly skipped.
Assembly Unity.RenderPipelines.Core.Runtime.Tests.dll at Library/ScriptAssemblies/Unity.RenderPipelines.Core.Runtime.Tests.dll not valid. Loading of assembly skipped.
Assembly Unity.RenderPipelines.Universal.Config.Editor.Tests.dll at Library/ScriptAssemblies/Unity.RenderPipelines.Universal.Config.Editor.Tests.dll not valid. Loading of assembly skipped.
Assembly Unity.RenderPipelines.Universal.Editor.Tests.dll at Library/ScriptAssemblies/Unity.RenderPipelines.Universal.Editor.Tests.dll not valid. Loading of assembly skipped.
Assembly Unity.RenderPipelines.Universal.Runtime.Tests.dll at Library/ScriptAssemblies/Unity.RenderPipelines.Universal.Runtime.Tests.dll not valid. Loading of assembly skipped.
Assembly Unity.Searcher.EditorTests.dll at Library/ScriptAssemblies/Unity.Searcher.EditorTests.dll not valid. Loading of assembly skipped.
Assembly Unity.ShaderGraph.Editor.Tests.dll at Library/ScriptAssemblies/Unity.ShaderGraph.Editor.Tests.dll not valid. Loading of assembly skipped.
Assembly Unity.TextMeshPro.Editor.Tests.dll at Library/ScriptAssemblies/Unity.TextMeshPro.Editor.Tests.dll not valid. Loading of assembly skipped.
Assembly Unity.TextMeshPro.Tests.dll at Library/ScriptAssemblies/Unity.TextMeshPro.Tests.dll not valid. Loading of assembly skipped.
Assembly Unity.UnifiedRayTracing.Editor.Tests.dll at Library/ScriptAssemblies/Unity.UnifiedRayTracing.Editor.Tests.dll not valid. Loading of assembly skipped.
Assembly UnityEditor.UI.Common.Tests.dll at Library/ScriptAssemblies/UnityEditor.UI.Common.Tests.dll not valid. Loading of assembly skipped.
Assembly UnityEditor.UI.EditorTests.dll at Library/ScriptAssemblies/UnityEditor.UI.EditorTests.dll not valid. Loading of assembly skipped.
Assembly UnityEngine.UI.Tests.dll at Library/ScriptAssemblies/UnityEngine.UI.Tests.dll not valid. Loading of assembly skipped.
Native extension for WindowsStandalone target not found
[Package Manager] Failed to launch server process. Reason: Unity was launched with the -noUpm command-line argument
[Package Manager] Unable to send message (not connected to server process).
[Package Manager] Cannot connect to Unity Package Manager local server
[Package Manager] Failed to launch server process. Reason: Unity was launched with the -noUpm command-line argument
[Package Manager] Unable to send message (not connected to server process).
[Package Manager] Cannot connect to Unity Package Manager local server
ScheduleIndexationOnStartup MainProcess:False IndexOnStartup:True
Mono: successfully reloaded assembly
- Finished resetting the current domain, in  0.757 seconds
Domain Reload Profiling: 1464ms
	BeginReloadAssembly (199ms)
		DisableScriptedObjects (10ms)
		CreateAndSetChildDomain (47ms)
	RebuildCommonClasses (35ms)
	RebuildNativeTypeToScriptingClass (13ms)
	initialDomainReloadingComplete (56ms)
	LoadAllAssembliesAndSetupDomain (402ms)
		LoadAssemblies (311ms)
		AnalyzeDomain (182ms)
			TypeCache.Refresh (10ms)
			BuildScriptInfoCaches (161ms)
			ResolveRequiredComponents (10ms)
	FinalizeReload (758ms)
		SetupLoadedEditorAssemblies (0ms)
			BeforeProcessingInitializeOnLoad (133ms)
			ProcessInitializeOnLoadAttributes (340ms)
			ProcessInitializeOnLoadMethodAttributes (112ms)
			AfterProcessingInitializeOnLoad (6ms)
		AwakeInstancesAfterBackupRestoration (9ms)
WARNING: Shader Unsupported: 'Hidden/Universal Render Pipeline/Terrain/Lit (Base Pass)' - All subshaders removed
WARNING: Shader Did you use #pragma only_renderers and omit this platform?
WARNING: Shader If subshaders removal was intentional, you may have forgotten turning Fallback off?
WARNING: Shader Unsupported: 'Universal Render Pipeline/Terrain/Lit' - All subshaders removed
WARNING: Shader Did you use #pragma only_renderers and omit this platform?
WARNING: Shader If subshaders removal was intentional, you may have forgotten turning Fallback off?
Refreshing native plugins compatible for Editor in 2.21 ms, found 5 plugins.
Unloading 58 Unused Serialized files (Serialized files now loaded: 0)
Unloading 7460 unused Assets / (9.0 MB). Loaded Objects now: 8111.
Memory consumption went from 169.3 MB to 160.3 MB.
Total: 19.854000 ms (FindLiveObjects: 1.539200 ms CreateObjectMapping: 1.183500 ms MarkObjects: 8.040700 ms  DeleteObjects: 9.086700 ms)

Prepare: number of updated asset objects reloaded= 0
========================================================================
Received Prepare
Begin MonoManager ReloadAssembly
Assembly Assembly-CSharp-Editor-firstpass.dll at Library/ScriptAssemblies/Assembly-CSharp-Editor-firstpass.dll not valid. Loading of assembly skipped.
Assembly Assembly-CSharp-Editor.dll at Library/ScriptAssemblies/Assembly-CSharp-Editor.dll not valid. Loading of assembly skipped.
Assembly Assembly-CSharp-firstpass.dll at Library/ScriptAssemblies/Assembly-CSharp-firstpass.dll not valid. Loading of assembly skipped.
Assembly Cinemachine.Editor.Tests.dll at Library/ScriptAssemblies/Cinemachine.Editor.Tests.dll not valid. Loading of assembly skipped.
Assembly Cinemachine.Runtime.Tests.dll at Library/ScriptAssemblies/Cinemachine.Runtime.Tests.dll not valid. Loading of assembly skipped.
Assembly DocCodeExamples.dll at Library/ScriptAssemblies/DocCodeExamples.dll not valid. Loading of assembly skipped.
Assembly TestNewCustomAssembly.dll at Library/ScriptAssemblies/TestNewCustomAssembly.dll not valid. Loading of assembly skipped.
Assembly Unity.2D.Animation.EditorTests.dll at Library/ScriptAssemblies/Unity.2D.Animation.EditorTests.dll not valid. Loading of assembly skipped.
Assembly Unity.2D.Aseprite.EditorTests.dll at Library/ScriptAssemblies/Unity.2D.Aseprite.EditorTests.dll not valid. Loading of assembly skipped.
Assembly Unity.2D.Common.EditorTests.dll at Library/ScriptAssemblies/Unity.2D.Common.EditorTests.dll not valid. Loading of assembly skipped.
Assembly Unity.2D.Psdimporter.EditorTests.dll at Library/ScriptAssemblies/Unity.2D.Psdimporter.EditorTests.dll not valid. Loading of assembly skipped.
Assembly Unity.2D.Sprite.Package.EditorTests.dll at Library/ScriptAssemblies/Unity.2D.Sprite.Package.EditorTests.dll not valid. Loading of assembly skipped.
Assembly Unity.2D.SpriteShape.EditorTests.dll at Library/ScriptAssemblies/Unity.2D.SpriteShape.EditorTests.dll not valid. Loading of assembly skipped.
Assembly Unity.2D.Tilemap.Package.EditorTests.dll at Library/ScriptAssemblies/Unity.2D.Tilemap.Package.EditorTests.dll not valid. Loading of assembly skipped.
Assembly Unity.Collections.BurstCompatibilityGen.dll at Library/ScriptAssemblies/Unity.Collections.BurstCompatibilityGen.dll not valid. Loading of assembly skipped.
Assembly Unity.Collections.DocCodeSamples.dll at Library/ScriptAssemblies/Unity.Collections.DocCodeSamples.dll not valid. Loading of assembly skipped.
Assembly Unity.Collections.PerformanceTests.dll at Library/ScriptAssemblies/Unity.Collections.PerformanceTests.dll not valid. Loading of assembly skipped.
Assembly Unity.Collections.Tests.dll at Library/ScriptAssemblies/Unity.Collections.Tests.dll not valid. Loading of assembly skipped.
Assembly Unity.Collections.Tests.Playmode.dll at Library/ScriptAssemblies/Unity.Collections.Tests.Playmode.dll not valid. Loading of assembly skipped.
Assembly Unity.InputSystem.IntegrationTests.dll at Library/ScriptAssemblies/Unity.InputSystem.IntegrationTests.dll not valid. Loading of assembly skipped.
Assembly Unity.Mathematics.Tests.dll at Library/ScriptAssemblies/Unity.Mathematics.Tests.dll not valid. Loading of assembly skipped.
Assembly Unity.Multiplayer.Center.Editor.Tests.dll at Library/ScriptAssemblies/Unity.Multiplayer.Center.Editor.Tests.dll not valid. Loading of assembly skipped.
Assembly Unity.Multiplayer.Center.Tests.dll at Library/ScriptAssemblies/Unity.Multiplayer.Center.Tests.dll not valid. Loading of assembly skipped.
Assembly Unity.Nuget.Mono-Cecil.dll at Library/ScriptAssemblies/Unity.Nuget.Mono-Cecil.dll not valid. Loading of assembly skipped.
Assembly Unity.PathTracing.Editor.Tests.dll at Library/ScriptAssemblies/Unity.PathTracing.Editor.Tests.dll not valid. Loading of assembly skipped.
Assembly Unity.PathTracing.Runtime.Tests.dll at Library/ScriptAssemblies/Unity.PathTracing.Runtime.Tests.dll not valid. Loading of assembly skipped.
Assembly Unity.RenderPipelines.Core.Editor.Tests.dll at Library/ScriptAssemblies/Unity.RenderPipelines.Core.Editor.Tests.dll not valid. Loading of assembly skipped.
Assembly Unity.RenderPipelines.Core.Runtime.Tests.dll at Library/ScriptAssemblies/Unity.RenderPipelines.Core.Runtime.Tests.dll not valid. Loading of assembly skipped.
Assembly Unity.RenderPipelines.Universal.Config.Editor.Tests.dll at Library/ScriptAssemblies/Unity.RenderPipelines.Universal.Config.Editor.Tests.dll not valid. Loading of assembly skipped.
Assembly Unity.RenderPipelines.Universal.Editor.Tests.dll at Library/ScriptAssemblies/Unity.RenderPipelines.Universal.Editor.Tests.dll not valid. Loading of assembly skipped.
Assembly Unity.RenderPipelines.Universal.Runtime.Tests.dll at Library/ScriptAssemblies/Unity.RenderPipelines.Universal.Runtime.Tests.dll not valid. Loading of assembly skipped.
Assembly Unity.Searcher.EditorTests.dll at Library/ScriptAssemblies/Unity.Searcher.EditorTests.dll not valid. Loading of assembly skipped.
Assembly Unity.ShaderGraph.Editor.Tests.dll at Library/ScriptAssemblies/Unity.ShaderGraph.Editor.Tests.dll not valid. Loading of assembly skipped.
Assembly Unity.TextMeshPro.Editor.Tests.dll at Library/ScriptAssemblies/Unity.TextMeshPro.Editor.Tests.dll not valid. Loading of assembly skipped.
Assembly Unity.TextMeshPro.Tests.dll at Library/ScriptAssemblies/Unity.TextMeshPro.Tests.dll not valid. Loading of assembly skipped.
Assembly Unity.UnifiedRayTracing.Editor.Tests.dll at Library/ScriptAssemblies/Unity.UnifiedRayTracing.Editor.Tests.dll not valid. Loading of assembly skipped.
Assembly UnityEditor.UI.Common.Tests.dll at Library/ScriptAssemblies/UnityEditor.UI.Common.Tests.dll not valid. Loading of assembly skipped.
Assembly UnityEditor.UI.EditorTests.dll at Library/ScriptAssemblies/UnityEditor.UI.EditorTests.dll not valid. Loading of assembly skipped.
Assembly UnityEngine.UI.Tests.dll at Library/ScriptAssemblies/UnityEngine.UI.Tests.dll not valid. Loading of assembly skipped.
Native extension for WindowsStandalone target not found
[Package Manager] Failed to launch server process. Reason: Unity was launched with the -noUpm command-line argument
[Package Manager] Unable to send message (not connected to server process).
[Package Manager] Cannot connect to Unity Package Manager local server
[Package Manager] Failed to launch server process. Reason: Unity was launched with the -noUpm command-line argument
[Package Manager] Unable to send message (not connected to server process).
[Package Manager] Cannot connect to Unity Package Manager local server
ScheduleIndexationOnStartup MainProcess:False IndexOnStartup:True
Mono: successfully reloaded assembly
- Finished resetting the current domain, in  0.976 seconds
Domain Reload Profiling: 1717ms
	BeginReloadAssembly (187ms)
		DisableScriptedObjects (11ms)
		CreateAndSetChildDomain (40ms)
	RebuildCommonClasses (30ms)
	RebuildNativeTypeToScriptingClass (11ms)
	initialDomainReloadingComplete (64ms)
	LoadAllAssembliesAndSetupDomain (448ms)
		LoadAssemblies (322ms)
		AnalyzeDomain (212ms)
			TypeCache.Refresh (9ms)
			BuildScriptInfoCaches (188ms)
			ResolveRequiredComponents (14ms)
	FinalizeReload (976ms)
		SetupLoadedEditorAssemblies (0ms)
			InitializePlatformSupportModulesInManaged (4ms)
			BeforeProcessingInitializeOnLoad (184ms)
			ProcessInitializeOnLoadAttributes (436ms)
			ProcessInitializeOnLoadMethodAttributes (111ms)
			AfterProcessingInitializeOnLoad (6ms)
		AwakeInstancesAfterBackupRestoration (10ms)
WARNING: Shader Unsupported: 'Hidden/Universal Render Pipeline/Terrain/Lit (Base Pass)' - All subshaders removed
WARNING: Shader Did you use #pragma only_renderers and omit this platform?
WARNING: Shader If subshaders removal was intentional, you may have forgotten turning Fallback off?
WARNING: Shader Unsupported: 'Universal Render Pipeline/Terrain/Lit' - All subshaders removed
WARNING: Shader Did you use #pragma only_renderers and omit this platform?
WARNING: Shader If subshaders removal was intentional, you may have forgotten turning Fallback off?
Refreshing native plugins compatible for Editor in 2.06 ms, found 5 plugins.
Unloading 58 Unused Serialized files (Serialized files now loaded: 0)
Unloading 7460 unused Assets / (9.0 MB). Loaded Objects now: 8114.
Memory consumption went from 171.9 MB to 163.0 MB.
Total: 18.472600 ms (FindLiveObjects: 1.559700 ms CreateObjectMapping: 0.943600 ms MarkObjects: 7.122000 ms  DeleteObjects: 8.845500 ms)

Prepare: number of updated asset objects reloaded= 0
========================================================================
Received Prepare
Begin MonoManager ReloadAssembly
[Licensing::Client] Successfully resolved entitlement details
Assembly Assembly-CSharp-Editor-firstpass.dll at Library/ScriptAssemblies/Assembly-CSharp-Editor-firstpass.dll not valid. Loading of assembly skipped.
Assembly Assembly-CSharp-Editor.dll at Library/ScriptAssemblies/Assembly-CSharp-Editor.dll not valid. Loading of assembly skipped.
Assembly Assembly-CSharp-firstpass.dll at Library/ScriptAssemblies/Assembly-CSharp-firstpass.dll not valid. Loading of assembly skipped.
Assembly Cinemachine.Editor.Tests.dll at Library/ScriptAssemblies/Cinemachine.Editor.Tests.dll not valid. Loading of assembly skipped.
Assembly Cinemachine.Runtime.Tests.dll at Library/ScriptAssemblies/Cinemachine.Runtime.Tests.dll not valid. Loading of assembly skipped.
Assembly DocCodeExamples.dll at Library/ScriptAssemblies/DocCodeExamples.dll not valid. Loading of assembly skipped.
Assembly TestNewCustomAssembly.dll at Library/ScriptAssemblies/TestNewCustomAssembly.dll not valid. Loading of assembly skipped.
Assembly Unity.2D.Animation.EditorTests.dll at Library/ScriptAssemblies/Unity.2D.Animation.EditorTests.dll not valid. Loading of assembly skipped.
Assembly Unity.2D.Aseprite.EditorTests.dll at Library/ScriptAssemblies/Unity.2D.Aseprite.EditorTests.dll not valid. Loading of assembly skipped.
Assembly Unity.2D.Common.EditorTests.dll at Library/ScriptAssemblies/Unity.2D.Common.EditorTests.dll not valid. Loading of assembly skipped.
Assembly Unity.2D.Psdimporter.EditorTests.dll at Library/ScriptAssemblies/Unity.2D.Psdimporter.EditorTests.dll not valid. Loading of assembly skipped.
Assembly Unity.2D.Sprite.Package.EditorTests.dll at Library/ScriptAssemblies/Unity.2D.Sprite.Package.EditorTests.dll not valid. Loading of assembly skipped.
Assembly Unity.2D.SpriteShape.EditorTests.dll at Library/ScriptAssemblies/Unity.2D.SpriteShape.EditorTests.dll not valid. Loading of assembly skipped.
Assembly Unity.2D.Tilemap.Package.EditorTests.dll at Library/ScriptAssemblies/Unity.2D.Tilemap.Package.EditorTests.dll not valid. Loading of assembly skipped.
Assembly Unity.Collections.BurstCompatibilityGen.dll at Library/ScriptAssemblies/Unity.Collections.BurstCompatibilityGen.dll not valid. Loading of assembly skipped.
Assembly Unity.Collections.DocCodeSamples.dll at Library/ScriptAssemblies/Unity.Collections.DocCodeSamples.dll not valid. Loading of assembly skipped.
Assembly Unity.Collections.PerformanceTests.dll at Library/ScriptAssemblies/Unity.Collections.PerformanceTests.dll not valid. Loading of assembly skipped.
Assembly Unity.Collections.Tests.dll at Library/ScriptAssemblies/Unity.Collections.Tests.dll not valid. Loading of assembly skipped.
Assembly Unity.Collections.Tests.Playmode.dll at Library/ScriptAssemblies/Unity.Collections.Tests.Playmode.dll not valid. Loading of assembly skipped.
Assembly Unity.InputSystem.IntegrationTests.dll at Library/ScriptAssemblies/Unity.InputSystem.IntegrationTests.dll not valid. Loading of assembly skipped.
Assembly Unity.Mathematics.Tests.dll at Library/ScriptAssemblies/Unity.Mathematics.Tests.dll not valid. Loading of assembly skipped.
Assembly Unity.Multiplayer.Center.Editor.Tests.dll at Library/ScriptAssemblies/Unity.Multiplayer.Center.Editor.Tests.dll not valid. Loading of assembly skipped.
Assembly Unity.Multiplayer.Center.Tests.dll at Library/ScriptAssemblies/Unity.Multiplayer.Center.Tests.dll not valid. Loading of assembly skipped.
Assembly Unity.Nuget.Mono-Cecil.dll at Library/ScriptAssemblies/Unity.Nuget.Mono-Cecil.dll not valid. Loading of assembly skipped.
Assembly Unity.PathTracing.Editor.Tests.dll at Library/ScriptAssemblies/Unity.PathTracing.Editor.Tests.dll not valid. Loading of assembly skipped.
Assembly Unity.PathTracing.Runtime.Tests.dll at Library/ScriptAssemblies/Unity.PathTracing.Runtime.Tests.dll not valid. Loading of assembly skipped.
Assembly Unity.RenderPipelines.Core.Editor.Tests.dll at Library/ScriptAssemblies/Unity.RenderPipelines.Core.Editor.Tests.dll not valid. Loading of assembly skipped.
Assembly Unity.RenderPipelines.Core.Runtime.Tests.dll at Library/ScriptAssemblies/Unity.RenderPipelines.Core.Runtime.Tests.dll not valid. Loading of assembly skipped.
Assembly Unity.RenderPipelines.Universal.Config.Editor.Tests.dll at Library/ScriptAssemblies/Unity.RenderPipelines.Universal.Config.Editor.Tests.dll not valid. Loading of assembly skipped.
Assembly Unity.RenderPipelines.Universal.Editor.Tests.dll at Library/ScriptAssemblies/Unity.RenderPipelines.Universal.Editor.Tests.dll not valid. Loading of assembly skipped.
Assembly Unity.RenderPipelines.Universal.Runtime.Tests.dll at Library/ScriptAssemblies/Unity.RenderPipelines.Universal.Runtime.Tests.dll not valid. Loading of assembly skipped.
Assembly Unity.Searcher.EditorTests.dll at Library/ScriptAssemblies/Unity.Searcher.EditorTests.dll not valid. Loading of assembly skipped.
Assembly Unity.ShaderGraph.Editor.Tests.dll at Library/ScriptAssemblies/Unity.ShaderGraph.Editor.Tests.dll not valid. Loading of assembly skipped.
Assembly Unity.TextMeshPro.Editor.Tests.dll at Library/ScriptAssemblies/Unity.TextMeshPro.Editor.Tests.dll not valid. Loading of assembly skipped.
Assembly Unity.TextMeshPro.Tests.dll at Library/ScriptAssemblies/Unity.TextMeshPro.Tests.dll not valid. Loading of assembly skipped.
Assembly Unity.UnifiedRayTracing.Editor.Tests.dll at Library/ScriptAssemblies/Unity.UnifiedRayTracing.Editor.Tests.dll not valid. Loading of assembly skipped.
Assembly UnityEditor.UI.Common.Tests.dll at Library/ScriptAssemblies/UnityEditor.UI.Common.Tests.dll not valid. Loading of assembly skipped.
Assembly UnityEditor.UI.EditorTests.dll at Library/ScriptAssemblies/UnityEditor.UI.EditorTests.dll not valid. Loading of assembly skipped.
Assembly UnityEngine.UI.Tests.dll at Library/ScriptAssemblies/UnityEngine.UI.Tests.dll not valid. Loading of assembly skipped.
Native extension for WindowsStandalone target not found
[Package Manager] Failed to launch server process. Reason: Unity was launched with the -noUpm command-line argument
[Package Manager] Unable to send message (not connected to server process).
[Package Manager] Cannot connect to Unity Package Manager local server
[Package Manager] Failed to launch server process. Reason: Unity was launched with the -noUpm command-line argument
[Package Manager] Unable to send message (not connected to server process).
[Package Manager] Cannot connect to Unity Package Manager local server
ScheduleIndexationOnStartup MainProcess:False IndexOnStartup:True
Mono: successfully reloaded assembly
- Finished resetting the current domain, in  0.961 seconds
Domain Reload Profiling: 1714ms
	BeginReloadAssembly (191ms)
		DisableScriptedObjects (11ms)
		CreateAndSetChildDomain (42ms)
	RebuildCommonClasses (40ms)
	RebuildNativeTypeToScriptingClass (16ms)
	initialDomainReloadingComplete (54ms)
	LoadAllAssembliesAndSetupDomain (451ms)
		LoadAssemblies (328ms)
		AnalyzeDomain (208ms)
			TypeCache.Refresh (9ms)
			BuildScriptInfoCaches (181ms)
			ResolveRequiredComponents (17ms)
	FinalizeReload (962ms)
		SetupLoadedEditorAssemblies (0ms)
			InitializePlatformSupportModulesInManaged (3ms)
			BeforeProcessingInitializeOnLoad (184ms)
			ProcessInitializeOnLoadAttributes (425ms)
			ProcessInitializeOnLoadMethodAttributes (106ms)
			AfterProcessingInitializeOnLoad (7ms)
		AwakeInstancesAfterBackupRestoration (10ms)
WARNING: Shader Unsupported: 'Hidden/Universal Render Pipeline/Terrain/Lit (Base Pass)' - All subshaders removed
WARNING: Shader Did you use #pragma only_renderers and omit this platform?
WARNING: Shader If subshaders removal was intentional, you may have forgotten turning Fallback off?
WARNING: Shader Unsupported: 'Universal Render Pipeline/Terrain/Lit' - All subshaders removed
WARNING: Shader Did you use #pragma only_renderers and omit this platform?
WARNING: Shader If subshaders removal was intentional, you may have forgotten turning Fallback off?
Unloading 58 Unused Serialized files (Serialized files now loaded: 0)
Unloading 7460 unused Assets / (8.6 MB). Loaded Objects now: 8117.
Memory consumption went from 174.5 MB to 165.9 MB.
Total: 18.687100 ms (FindLiveObjects: 1.048600 ms CreateObjectMapping: 1.691400 ms MarkObjects: 7.899900 ms  DeleteObjects: 8.045000 ms)

Prepare: number of updated asset objects reloaded= 0
========================================================================
Received Prepare
Begin MonoManager ReloadAssembly
Assembly Assembly-CSharp-Editor-firstpass.dll at Library/ScriptAssemblies/Assembly-CSharp-Editor-firstpass.dll not valid. Loading of assembly skipped.
Assembly Assembly-CSharp-Editor.dll at Library/ScriptAssemblies/Assembly-CSharp-Editor.dll not valid. Loading of assembly skipped.
Assembly Assembly-CSharp-firstpass.dll at Library/ScriptAssemblies/Assembly-CSharp-firstpass.dll not valid. Loading of assembly skipped.
Assembly Cinemachine.Editor.Tests.dll at Library/ScriptAssemblies/Cinemachine.Editor.Tests.dll not valid. Loading of assembly skipped.
Assembly Cinemachine.Runtime.Tests.dll at Library/ScriptAssemblies/Cinemachine.Runtime.Tests.dll not valid. Loading of assembly skipped.
Assembly DocCodeExamples.dll at Library/ScriptAssemblies/DocCodeExamples.dll not valid. Loading of assembly skipped.
Assembly TestNewCustomAssembly.dll at Library/ScriptAssemblies/TestNewCustomAssembly.dll not valid. Loading of assembly skipped.
Assembly Unity.2D.Animation.EditorTests.dll at Library/ScriptAssemblies/Unity.2D.Animation.EditorTests.dll not valid. Loading of assembly skipped.
Assembly Unity.2D.Aseprite.EditorTests.dll at Library/ScriptAssemblies/Unity.2D.Aseprite.EditorTests.dll not valid. Loading of assembly skipped.
Assembly Unity.2D.Common.EditorTests.dll at Library/ScriptAssemblies/Unity.2D.Common.EditorTests.dll not valid. Loading of assembly skipped.
Assembly Unity.2D.Psdimporter.EditorTests.dll at Library/ScriptAssemblies/Unity.2D.Psdimporter.EditorTests.dll not valid. Loading of assembly skipped.
Assembly Unity.2D.Sprite.Package.EditorTests.dll at Library/ScriptAssemblies/Unity.2D.Sprite.Package.EditorTests.dll not valid. Loading of assembly skipped.
Assembly Unity.2D.SpriteShape.EditorTests.dll at Library/ScriptAssemblies/Unity.2D.SpriteShape.EditorTests.dll not valid. Loading of assembly skipped.
Assembly Unity.2D.Tilemap.Package.EditorTests.dll at Library/ScriptAssemblies/Unity.2D.Tilemap.Package.EditorTests.dll not valid. Loading of assembly skipped.
Assembly Unity.Collections.BurstCompatibilityGen.dll at Library/ScriptAssemblies/Unity.Collections.BurstCompatibilityGen.dll not valid. Loading of assembly skipped.
Assembly Unity.Collections.DocCodeSamples.dll at Library/ScriptAssemblies/Unity.Collections.DocCodeSamples.dll not valid. Loading of assembly skipped.
Assembly Unity.Collections.PerformanceTests.dll at Library/ScriptAssemblies/Unity.Collections.PerformanceTests.dll not valid. Loading of assembly skipped.
Assembly Unity.Collections.Tests.dll at Library/ScriptAssemblies/Unity.Collections.Tests.dll not valid. Loading of assembly skipped.
Assembly Unity.Collections.Tests.Playmode.dll at Library/ScriptAssemblies/Unity.Collections.Tests.Playmode.dll not valid. Loading of assembly skipped.
Assembly Unity.InputSystem.IntegrationTests.dll at Library/ScriptAssemblies/Unity.InputSystem.IntegrationTests.dll not valid. Loading of assembly skipped.
Assembly Unity.Mathematics.Tests.dll at Library/ScriptAssemblies/Unity.Mathematics.Tests.dll not valid. Loading of assembly skipped.
Assembly Unity.Multiplayer.Center.Editor.Tests.dll at Library/ScriptAssemblies/Unity.Multiplayer.Center.Editor.Tests.dll not valid. Loading of assembly skipped.
Assembly Unity.Multiplayer.Center.Tests.dll at Library/ScriptAssemblies/Unity.Multiplayer.Center.Tests.dll not valid. Loading of assembly skipped.
Assembly Unity.Nuget.Mono-Cecil.dll at Library/ScriptAssemblies/Unity.Nuget.Mono-Cecil.dll not valid. Loading of assembly skipped.
Assembly Unity.PathTracing.Editor.Tests.dll at Library/ScriptAssemblies/Unity.PathTracing.Editor.Tests.dll not valid. Loading of assembly skipped.
Assembly Unity.PathTracing.Runtime.Tests.dll at Library/ScriptAssemblies/Unity.PathTracing.Runtime.Tests.dll not valid. Loading of assembly skipped.
Assembly Unity.RenderPipelines.Core.Editor.Tests.dll at Library/ScriptAssemblies/Unity.RenderPipelines.Core.Editor.Tests.dll not valid. Loading of assembly skipped.
Assembly Unity.RenderPipelines.Core.Runtime.Tests.dll at Library/ScriptAssemblies/Unity.RenderPipelines.Core.Runtime.Tests.dll not valid. Loading of assembly skipped.
Assembly Unity.RenderPipelines.Universal.Config.Editor.Tests.dll at Library/ScriptAssemblies/Unity.RenderPipelines.Universal.Config.Editor.Tests.dll not valid. Loading of assembly skipped.
Assembly Unity.RenderPipelines.Universal.Editor.Tests.dll at Library/ScriptAssemblies/Unity.RenderPipelines.Universal.Editor.Tests.dll not valid. Loading of assembly skipped.
Assembly Unity.RenderPipelines.Universal.Runtime.Tests.dll at Library/ScriptAssemblies/Unity.RenderPipelines.Universal.Runtime.Tests.dll not valid. Loading of assembly skipped.
Assembly Unity.Searcher.EditorTests.dll at Library/ScriptAssemblies/Unity.Searcher.EditorTests.dll not valid. Loading of assembly skipped.
Assembly Unity.ShaderGraph.Editor.Tests.dll at Library/ScriptAssemblies/Unity.ShaderGraph.Editor.Tests.dll not valid. Loading of assembly skipped.
Assembly Unity.TextMeshPro.Editor.Tests.dll at Library/ScriptAssemblies/Unity.TextMeshPro.Editor.Tests.dll not valid. Loading of assembly skipped.
Assembly Unity.TextMeshPro.Tests.dll at Library/ScriptAssemblies/Unity.TextMeshPro.Tests.dll not valid. Loading of assembly skipped.
Assembly Unity.UnifiedRayTracing.Editor.Tests.dll at Library/ScriptAssemblies/Unity.UnifiedRayTracing.Editor.Tests.dll not valid. Loading of assembly skipped.
Assembly UnityEditor.UI.Common.Tests.dll at Library/ScriptAssemblies/UnityEditor.UI.Common.Tests.dll not valid. Loading of assembly skipped.
Assembly UnityEditor.UI.EditorTests.dll at Library/ScriptAssemblies/UnityEditor.UI.EditorTests.dll not valid. Loading of assembly skipped.
Assembly UnityEngine.UI.Tests.dll at Library/ScriptAssemblies/UnityEngine.UI.Tests.dll not valid. Loading of assembly skipped.
Refreshing native plugins compatible for Editor in 2.62 ms, found 5 plugins.
Native extension for WindowsStandalone target not found
[Package Manager] Failed to launch server process. Reason: Unity was launched with the -noUpm command-line argument
[Package Manager] Unable to send message (not connected to server process).
[Package Manager] Cannot connect to Unity Package Manager local server
[Package Manager] Failed to launch server process. Reason: Unity was launched with the -noUpm command-line argument
[Package Manager] Unable to send message (not connected to server process).
[Package Manager] Cannot connect to Unity Package Manager local server
ScheduleIndexationOnStartup MainProcess:False IndexOnStartup:True
Mono: successfully reloaded assembly
- Finished resetting the current domain, in  0.966 seconds
Domain Reload Profiling: 1723ms
	BeginReloadAssembly (192ms)
		DisableScriptedObjects (10ms)
		CreateAndSetChildDomain (43ms)
	RebuildCommonClasses (32ms)
	RebuildNativeTypeToScriptingClass (12ms)
	initialDomainReloadingComplete (59ms)
	LoadAllAssembliesAndSetupDomain (463ms)
		LoadAssemblies (330ms)
		AnalyzeDomain (222ms)
			TypeCache.Refresh (10ms)
			BuildScriptInfoCaches (195ms)
			ResolveRequiredComponents (13ms)
	FinalizeReload (966ms)
		SetupLoadedEditorAssemblies (0ms)
			InitializePlatformSupportModulesInManaged (3ms)
			BeforeProcessingInitializeOnLoad (182ms)
			ProcessInitializeOnLoadAttributes (427ms)
			ProcessInitializeOnLoadMethodAttributes (109ms)
			AfterProcessingInitializeOnLoad (6ms)
		AwakeInstancesAfterBackupRestoration (10ms)
WARNING: Shader Unsupported: 'Hidden/Universal Render Pipeline/Terrain/Lit (Base Pass)' - All subshaders removed
WARNING: Shader Did you use #pragma only_renderers and omit this platform?
WARNING: Shader If subshaders removal was intentional, you may have forgotten turning Fallback off?
WARNING: Shader Unsupported: 'Universal Render Pipeline/Terrain/Lit' - All subshaders removed
WARNING: Shader Did you use #pragma only_renderers and omit this platform?
WARNING: Shader If subshaders removal was intentional, you may have forgotten turning Fallback off?
Refreshing native plugins compatible for Editor in 2.45 ms, found 5 plugins.
Unloading 58 Unused Serialized files (Serialized files now loaded: 0)
Unloading 7460 unused Assets / (8.0 MB). Loaded Objects now: 8120.
Memory consumption went from 177.1 MB to 169.2 MB.
Total: 17.230200 ms (FindLiveObjects: 1.458300 ms CreateObjectMapping: 0.901800 ms MarkObjects: 7.046700 ms  DeleteObjects: 7.819000 ms)

Prepare: number of updated asset objects reloaded= 0
========================================================================
Received Prepare
Begin MonoManager ReloadAssembly
[Licensing::Client] Successfully resolved entitlement details
Assembly Assembly-CSharp-Editor-firstpass.dll at Library/ScriptAssemblies/Assembly-CSharp-Editor-firstpass.dll not valid. Loading of assembly skipped.
Assembly Assembly-CSharp-Editor.dll at Library/ScriptAssemblies/Assembly-CSharp-Editor.dll not valid. Loading of assembly skipped.
Assembly Assembly-CSharp-firstpass.dll at Library/ScriptAssemblies/Assembly-CSharp-firstpass.dll not valid. Loading of assembly skipped.
Assembly Cinemachine.Editor.Tests.dll at Library/ScriptAssemblies/Cinemachine.Editor.Tests.dll not valid. Loading of assembly skipped.
Assembly Cinemachine.Runtime.Tests.dll at Library/ScriptAssemblies/Cinemachine.Runtime.Tests.dll not valid. Loading of assembly skipped.
Assembly DocCodeExamples.dll at Library/ScriptAssemblies/DocCodeExamples.dll not valid. Loading of assembly skipped.
Assembly TestNewCustomAssembly.dll at Library/ScriptAssemblies/TestNewCustomAssembly.dll not valid. Loading of assembly skipped.
Assembly Unity.2D.Animation.EditorTests.dll at Library/ScriptAssemblies/Unity.2D.Animation.EditorTests.dll not valid. Loading of assembly skipped.
Assembly Unity.2D.Aseprite.EditorTests.dll at Library/ScriptAssemblies/Unity.2D.Aseprite.EditorTests.dll not valid. Loading of assembly skipped.
Assembly Unity.2D.Common.EditorTests.dll at Library/ScriptAssemblies/Unity.2D.Common.EditorTests.dll not valid. Loading of assembly skipped.
Assembly Unity.2D.Psdimporter.EditorTests.dll at Library/ScriptAssemblies/Unity.2D.Psdimporter.EditorTests.dll not valid. Loading of assembly skipped.
Assembly Unity.2D.Sprite.Package.EditorTests.dll at Library/ScriptAssemblies/Unity.2D.Sprite.Package.EditorTests.dll not valid. Loading of assembly skipped.
Assembly Unity.2D.SpriteShape.EditorTests.dll at Library/ScriptAssemblies/Unity.2D.SpriteShape.EditorTests.dll not valid. Loading of assembly skipped.
Assembly Unity.2D.Tilemap.Package.EditorTests.dll at Library/ScriptAssemblies/Unity.2D.Tilemap.Package.EditorTests.dll not valid. Loading of assembly skipped.
Assembly Unity.Collections.BurstCompatibilityGen.dll at Library/ScriptAssemblies/Unity.Collections.BurstCompatibilityGen.dll not valid. Loading of assembly skipped.
Assembly Unity.Collections.DocCodeSamples.dll at Library/ScriptAssemblies/Unity.Collections.DocCodeSamples.dll not valid. Loading of assembly skipped.
Assembly Unity.Collections.PerformanceTests.dll at Library/ScriptAssemblies/Unity.Collections.PerformanceTests.dll not valid. Loading of assembly skipped.
Assembly Unity.Collections.Tests.dll at Library/ScriptAssemblies/Unity.Collections.Tests.dll not valid. Loading of assembly skipped.
Assembly Unity.Collections.Tests.Playmode.dll at Library/ScriptAssemblies/Unity.Collections.Tests.Playmode.dll not valid. Loading of assembly skipped.
Assembly Unity.InputSystem.IntegrationTests.dll at Library/ScriptAssemblies/Unity.InputSystem.IntegrationTests.dll not valid. Loading of assembly skipped.
Assembly Unity.Mathematics.Tests.dll at Library/ScriptAssemblies/Unity.Mathematics.Tests.dll not valid. Loading of assembly skipped.
Assembly Unity.Multiplayer.Center.Editor.Tests.dll at Library/ScriptAssemblies/Unity.Multiplayer.Center.Editor.Tests.dll not valid. Loading of assembly skipped.
Assembly Unity.Multiplayer.Center.Tests.dll at Library/ScriptAssemblies/Unity.Multiplayer.Center.Tests.dll not valid. Loading of assembly skipped.
Assembly Unity.Nuget.Mono-Cecil.dll at Library/ScriptAssemblies/Unity.Nuget.Mono-Cecil.dll not valid. Loading of assembly skipped.
Assembly Unity.PathTracing.Editor.Tests.dll at Library/ScriptAssemblies/Unity.PathTracing.Editor.Tests.dll not valid. Loading of assembly skipped.
Assembly Unity.PathTracing.Runtime.Tests.dll at Library/ScriptAssemblies/Unity.PathTracing.Runtime.Tests.dll not valid. Loading of assembly skipped.
Assembly Unity.RenderPipelines.Core.Editor.Tests.dll at Library/ScriptAssemblies/Unity.RenderPipelines.Core.Editor.Tests.dll not valid. Loading of assembly skipped.
Assembly Unity.RenderPipelines.Core.Runtime.Tests.dll at Library/ScriptAssemblies/Unity.RenderPipelines.Core.Runtime.Tests.dll not valid. Loading of assembly skipped.
Assembly Unity.RenderPipelines.Universal.Config.Editor.Tests.dll at Library/ScriptAssemblies/Unity.RenderPipelines.Universal.Config.Editor.Tests.dll not valid. Loading of assembly skipped.
Assembly Unity.RenderPipelines.Universal.Editor.Tests.dll at Library/ScriptAssemblies/Unity.RenderPipelines.Universal.Editor.Tests.dll not valid. Loading of assembly skipped.
Assembly Unity.RenderPipelines.Universal.Runtime.Tests.dll at Library/ScriptAssemblies/Unity.RenderPipelines.Universal.Runtime.Tests.dll not valid. Loading of assembly skipped.
Assembly Unity.Searcher.EditorTests.dll at Library/ScriptAssemblies/Unity.Searcher.EditorTests.dll not valid. Loading of assembly skipped.
Assembly Unity.ShaderGraph.Editor.Tests.dll at Library/ScriptAssemblies/Unity.ShaderGraph.Editor.Tests.dll not valid. Loading of assembly skipped.
Assembly Unity.TextMeshPro.Editor.Tests.dll at Library/ScriptAssemblies/Unity.TextMeshPro.Editor.Tests.dll not valid. Loading of assembly skipped.
Assembly Unity.TextMeshPro.Tests.dll at Library/ScriptAssemblies/Unity.TextMeshPro.Tests.dll not valid. Loading of assembly skipped.
Assembly Unity.UnifiedRayTracing.Editor.Tests.dll at Library/ScriptAssemblies/Unity.UnifiedRayTracing.Editor.Tests.dll not valid. Loading of assembly skipped.
Assembly UnityEditor.UI.Common.Tests.dll at Library/ScriptAssemblies/UnityEditor.UI.Common.Tests.dll not valid. Loading of assembly skipped.
Assembly UnityEditor.UI.EditorTests.dll at Library/ScriptAssemblies/UnityEditor.UI.EditorTests.dll not valid. Loading of assembly skipped.
Assembly UnityEngine.UI.Tests.dll at Library/ScriptAssemblies/UnityEngine.UI.Tests.dll not valid. Loading of assembly skipped.
Native extension for WindowsStandalone target not found
[Package Manager] Failed to launch server process. Reason: Unity was launched with the -noUpm command-line argument
[Package Manager] Unable to send message (not connected to server process).
[Package Manager] Cannot connect to Unity Package Manager local server
[Package Manager] Failed to launch server process. Reason: Unity was launched with the -noUpm command-line argument
[Package Manager] Unable to send message (not connected to server process).
[Package Manager] Cannot connect to Unity Package Manager local server
ScheduleIndexationOnStartup MainProcess:False IndexOnStartup:True
Mono: successfully reloaded assembly
- Finished resetting the current domain, in  0.792 seconds
Domain Reload Profiling: 1567ms
	BeginReloadAssembly (200ms)
		DisableScriptedObjects (10ms)
		CreateAndSetChildDomain (47ms)
	RebuildCommonClasses (32ms)
	RebuildNativeTypeToScriptingClass (12ms)
	initialDomainReloadingComplete (61ms)
	LoadAllAssembliesAndSetupDomain (470ms)
		LoadAssemblies (365ms)
		AnalyzeDomain (193ms)
			TypeCache.Refresh (8ms)
			BuildScriptInfoCaches (173ms)
			ResolveRequiredComponents (10ms)
	FinalizeReload (792ms)
		SetupLoadedEditorAssemblies (0ms)
			BeforeProcessingInitializeOnLoad (142ms)
			ProcessInitializeOnLoadAttributes (372ms)
			ProcessInitializeOnLoadMethodAttributes (111ms)
			AfterProcessingInitializeOnLoad (7ms)
		AwakeInstancesAfterBackupRestoration (10ms)
WARNING: Shader Unsupported: 'Hidden/Universal Render Pipeline/Terrain/Lit (Base Pass)' - All subshaders removed
WARNING: Shader Did you use #pragma only_renderers and omit this platform?
WARNING: Shader If subshaders removal was intentional, you may have forgotten turning Fallback off?
WARNING: Shader Unsupported: 'Universal Render Pipeline/Terrain/Lit' - All subshaders removed
WARNING: Shader Did you use #pragma only_renderers and omit this platform?
WARNING: Shader If subshaders removal was intentional, you may have forgotten turning Fallback off?
Refreshing native plugins compatible for Editor in 2.12 ms, found 5 plugins.
Unloading 58 Unused Serialized files (Serialized files now loaded: 0)
Unloading 7460 unused Assets / (8.9 MB). Loaded Objects now: 8123.
Memory consumption went from 179.7 MB to 170.9 MB.
Total: 19.712600 ms (FindLiveObjects: 1.699700 ms CreateObjectMapping: 1.162300 ms MarkObjects: 8.429100 ms  DeleteObjects: 8.418900 ms)

Prepare: number of updated asset objects reloaded= 0
========================================================================
Received Prepare
Begin MonoManager ReloadAssembly
[Licensing::Client] Successfully resolved entitlement details
Assembly Assembly-CSharp-Editor-firstpass.dll at Library/ScriptAssemblies/Assembly-CSharp-Editor-firstpass.dll not valid. Loading of assembly skipped.
Assembly Assembly-CSharp-Editor.dll at Library/ScriptAssemblies/Assembly-CSharp-Editor.dll not valid. Loading of assembly skipped.
Assembly Assembly-CSharp-firstpass.dll at Library/ScriptAssemblies/Assembly-CSharp-firstpass.dll not valid. Loading of assembly skipped.
Assembly Cinemachine.Editor.Tests.dll at Library/ScriptAssemblies/Cinemachine.Editor.Tests.dll not valid. Loading of assembly skipped.
Assembly Cinemachine.Runtime.Tests.dll at Library/ScriptAssemblies/Cinemachine.Runtime.Tests.dll not valid. Loading of assembly skipped.
Assembly DocCodeExamples.dll at Library/ScriptAssemblies/DocCodeExamples.dll not valid. Loading of assembly skipped.
Assembly TestNewCustomAssembly.dll at Library/ScriptAssemblies/TestNewCustomAssembly.dll not valid. Loading of assembly skipped.
Assembly Unity.2D.Animation.EditorTests.dll at Library/ScriptAssemblies/Unity.2D.Animation.EditorTests.dll not valid. Loading of assembly skipped.
Assembly Unity.2D.Aseprite.EditorTests.dll at Library/ScriptAssemblies/Unity.2D.Aseprite.EditorTests.dll not valid. Loading of assembly skipped.
Assembly Unity.2D.Common.EditorTests.dll at Library/ScriptAssemblies/Unity.2D.Common.EditorTests.dll not valid. Loading of assembly skipped.
Assembly Unity.2D.Psdimporter.EditorTests.dll at Library/ScriptAssemblies/Unity.2D.Psdimporter.EditorTests.dll not valid. Loading of assembly skipped.
Assembly Unity.2D.Sprite.Package.EditorTests.dll at Library/ScriptAssemblies/Unity.2D.Sprite.Package.EditorTests.dll not valid. Loading of assembly skipped.
Assembly Unity.2D.SpriteShape.EditorTests.dll at Library/ScriptAssemblies/Unity.2D.SpriteShape.EditorTests.dll not valid. Loading of assembly skipped.
Assembly Unity.2D.Tilemap.Package.EditorTests.dll at Library/ScriptAssemblies/Unity.2D.Tilemap.Package.EditorTests.dll not valid. Loading of assembly skipped.
Assembly Unity.Collections.BurstCompatibilityGen.dll at Library/ScriptAssemblies/Unity.Collections.BurstCompatibilityGen.dll not valid. Loading of assembly skipped.
Assembly Unity.Collections.DocCodeSamples.dll at Library/ScriptAssemblies/Unity.Collections.DocCodeSamples.dll not valid. Loading of assembly skipped.
Assembly Unity.Collections.PerformanceTests.dll at Library/ScriptAssemblies/Unity.Collections.PerformanceTests.dll not valid. Loading of assembly skipped.
Assembly Unity.Collections.Tests.dll at Library/ScriptAssemblies/Unity.Collections.Tests.dll not valid. Loading of assembly skipped.
Assembly Unity.Collections.Tests.Playmode.dll at Library/ScriptAssemblies/Unity.Collections.Tests.Playmode.dll not valid. Loading of assembly skipped.
Assembly Unity.InputSystem.IntegrationTests.dll at Library/ScriptAssemblies/Unity.InputSystem.IntegrationTests.dll not valid. Loading of assembly skipped.
Assembly Unity.Mathematics.Tests.dll at Library/ScriptAssemblies/Unity.Mathematics.Tests.dll not valid. Loading of assembly skipped.
Assembly Unity.Multiplayer.Center.Editor.Tests.dll at Library/ScriptAssemblies/Unity.Multiplayer.Center.Editor.Tests.dll not valid. Loading of assembly skipped.
Assembly Unity.Multiplayer.Center.Tests.dll at Library/ScriptAssemblies/Unity.Multiplayer.Center.Tests.dll not valid. Loading of assembly skipped.
Assembly Unity.Nuget.Mono-Cecil.dll at Library/ScriptAssemblies/Unity.Nuget.Mono-Cecil.dll not valid. Loading of assembly skipped.
Assembly Unity.PathTracing.Editor.Tests.dll at Library/ScriptAssemblies/Unity.PathTracing.Editor.Tests.dll not valid. Loading of assembly skipped.
Assembly Unity.PathTracing.Runtime.Tests.dll at Library/ScriptAssemblies/Unity.PathTracing.Runtime.Tests.dll not valid. Loading of assembly skipped.
Assembly Unity.RenderPipelines.Core.Editor.Tests.dll at Library/ScriptAssemblies/Unity.RenderPipelines.Core.Editor.Tests.dll not valid. Loading of assembly skipped.
Assembly Unity.RenderPipelines.Core.Runtime.Tests.dll at Library/ScriptAssemblies/Unity.RenderPipelines.Core.Runtime.Tests.dll not valid. Loading of assembly skipped.
Assembly Unity.RenderPipelines.Universal.Config.Editor.Tests.dll at Library/ScriptAssemblies/Unity.RenderPipelines.Universal.Config.Editor.Tests.dll not valid. Loading of assembly skipped.
Assembly Unity.RenderPipelines.Universal.Editor.Tests.dll at Library/ScriptAssemblies/Unity.RenderPipelines.Universal.Editor.Tests.dll not valid. Loading of assembly skipped.
Assembly Unity.RenderPipelines.Universal.Runtime.Tests.dll at Library/ScriptAssemblies/Unity.RenderPipelines.Universal.Runtime.Tests.dll not valid. Loading of assembly skipped.
Assembly Unity.Searcher.EditorTests.dll at Library/ScriptAssemblies/Unity.Searcher.EditorTests.dll not valid. Loading of assembly skipped.
Assembly Unity.ShaderGraph.Editor.Tests.dll at Library/ScriptAssemblies/Unity.ShaderGraph.Editor.Tests.dll not valid. Loading of assembly skipped.
Assembly Unity.TextMeshPro.Editor.Tests.dll at Library/ScriptAssemblies/Unity.TextMeshPro.Editor.Tests.dll not valid. Loading of assembly skipped.
Assembly Unity.TextMeshPro.Tests.dll at Library/ScriptAssemblies/Unity.TextMeshPro.Tests.dll not valid. Loading of assembly skipped.
Assembly Unity.UnifiedRayTracing.Editor.Tests.dll at Library/ScriptAssemblies/Unity.UnifiedRayTracing.Editor.Tests.dll not valid. Loading of assembly skipped.
Assembly UnityEditor.UI.Common.Tests.dll at Library/ScriptAssemblies/UnityEditor.UI.Common.Tests.dll not valid. Loading of assembly skipped.
Assembly UnityEditor.UI.EditorTests.dll at Library/ScriptAssemblies/UnityEditor.UI.EditorTests.dll not valid. Loading of assembly skipped.
Assembly UnityEngine.UI.Tests.dll at Library/ScriptAssemblies/UnityEngine.UI.Tests.dll not valid. Loading of assembly skipped.
Native extension for WindowsStandalone target not found
[Package Manager] Failed to launch server process. Reason: Unity was launched with the -noUpm command-line argument
[Package Manager] Unable to send message (not connected to server process).
[Package Manager] Cannot connect to Unity Package Manager local server
[Package Manager] Failed to launch server process. Reason: Unity was launched with the -noUpm command-line argument
[Package Manager] Unable to send message (not connected to server process).
[Package Manager] Cannot connect to Unity Package Manager local server
ScheduleIndexationOnStartup MainProcess:False IndexOnStartup:True
Mono: successfully reloaded assembly
- Finished resetting the current domain, in  0.991 seconds
Domain Reload Profiling: 1778ms
	BeginReloadAssembly (202ms)
		DisableScriptedObjects (14ms)
		CreateAndSetChildDomain (43ms)
	RebuildCommonClasses (33ms)
	RebuildNativeTypeToScriptingClass (12ms)
	initialDomainReloadingComplete (65ms)
	LoadAllAssembliesAndSetupDomain (474ms)
		LoadAssemblies (336ms)
		AnalyzeDomain (225ms)
			TypeCache.Refresh (9ms)
			BuildScriptInfoCaches (200ms)
			ResolveRequiredComponents (14ms)
	FinalizeReload (991ms)
		SetupLoadedEditorAssemblies (0ms)
			BeforeProcessingInitializeOnLoad (191ms)
			ProcessInitializeOnLoadAttributes (437ms)
			ProcessInitializeOnLoadMethodAttributes (114ms)
			AfterProcessingInitializeOnLoad (7ms)
		AwakeInstancesAfterBackupRestoration (11ms)
WARNING: Shader Unsupported: 'Hidden/Universal Render Pipeline/Terrain/Lit (Base Pass)' - All subshaders removed
WARNING: Shader Did you use #pragma only_renderers and omit this platform?
WARNING: Shader If subshaders removal was intentional, you may have forgotten turning Fallback off?
WARNING: Shader Unsupported: 'Universal Render Pipeline/Terrain/Lit' - All subshaders removed
WARNING: Shader Did you use #pragma only_renderers and omit this platform?
WARNING: Shader If subshaders removal was intentional, you may have forgotten turning Fallback off?
Refreshing native plugins compatible for Editor in 2.11 ms, found 5 plugins.
Unloading 58 Unused Serialized files (Serialized files now loaded: 0)
Unloading 7460 unused Assets / (9.2 MB). Loaded Objects now: 8126.
Memory consumption went from 182.4 MB to 173.2 MB.
Total: 24.131000 ms (FindLiveObjects: 1.706400 ms CreateObjectMapping: 3.080800 ms MarkObjects: 8.134300 ms  DeleteObjects: 11.206500 ms)

Prepare: number of updated asset objects reloaded= 0
========================================================================
Received Prepare
Begin MonoManager ReloadAssembly
[Licensing::Client] Successfully resolved entitlement details
Assembly Assembly-CSharp-Editor-firstpass.dll at Library/ScriptAssemblies/Assembly-CSharp-Editor-firstpass.dll not valid. Loading of assembly skipped.
Assembly Assembly-CSharp-Editor.dll at Library/ScriptAssemblies/Assembly-CSharp-Editor.dll not valid. Loading of assembly skipped.
Assembly Assembly-CSharp-firstpass.dll at Library/ScriptAssemblies/Assembly-CSharp-firstpass.dll not valid. Loading of assembly skipped.
Assembly Cinemachine.Editor.Tests.dll at Library/ScriptAssemblies/Cinemachine.Editor.Tests.dll not valid. Loading of assembly skipped.
Assembly Cinemachine.Runtime.Tests.dll at Library/ScriptAssemblies/Cinemachine.Runtime.Tests.dll not valid. Loading of assembly skipped.
Assembly DocCodeExamples.dll at Library/ScriptAssemblies/DocCodeExamples.dll not valid. Loading of assembly skipped.
Assembly TestNewCustomAssembly.dll at Library/ScriptAssemblies/TestNewCustomAssembly.dll not valid. Loading of assembly skipped.
Assembly Unity.2D.Animation.EditorTests.dll at Library/ScriptAssemblies/Unity.2D.Animation.EditorTests.dll not valid. Loading of assembly skipped.
Assembly Unity.2D.Aseprite.EditorTests.dll at Library/ScriptAssemblies/Unity.2D.Aseprite.EditorTests.dll not valid. Loading of assembly skipped.
Assembly Unity.2D.Common.EditorTests.dll at Library/ScriptAssemblies/Unity.2D.Common.EditorTests.dll not valid. Loading of assembly skipped.
Assembly Unity.2D.Psdimporter.EditorTests.dll at Library/ScriptAssemblies/Unity.2D.Psdimporter.EditorTests.dll not valid. Loading of assembly skipped.
Assembly Unity.2D.Sprite.Package.EditorTests.dll at Library/ScriptAssemblies/Unity.2D.Sprite.Package.EditorTests.dll not valid. Loading of assembly skipped.
Assembly Unity.2D.SpriteShape.EditorTests.dll at Library/ScriptAssemblies/Unity.2D.SpriteShape.EditorTests.dll not valid. Loading of assembly skipped.
Assembly Unity.2D.Tilemap.Package.EditorTests.dll at Library/ScriptAssemblies/Unity.2D.Tilemap.Package.EditorTests.dll not valid. Loading of assembly skipped.
Assembly Unity.Collections.BurstCompatibilityGen.dll at Library/ScriptAssemblies/Unity.Collections.BurstCompatibilityGen.dll not valid. Loading of assembly skipped.
Assembly Unity.Collections.DocCodeSamples.dll at Library/ScriptAssemblies/Unity.Collections.DocCodeSamples.dll not valid. Loading of assembly skipped.
Assembly Unity.Collections.PerformanceTests.dll at Library/ScriptAssemblies/Unity.Collections.PerformanceTests.dll not valid. Loading of assembly skipped.
Assembly Unity.Collections.Tests.dll at Library/ScriptAssemblies/Unity.Collections.Tests.dll not valid. Loading of assembly skipped.
Assembly Unity.Collections.Tests.Playmode.dll at Library/ScriptAssemblies/Unity.Collections.Tests.Playmode.dll not valid. Loading of assembly skipped.
Assembly Unity.InputSystem.IntegrationTests.dll at Library/ScriptAssemblies/Unity.InputSystem.IntegrationTests.dll not valid. Loading of assembly skipped.
Assembly Unity.Mathematics.Tests.dll at Library/ScriptAssemblies/Unity.Mathematics.Tests.dll not valid. Loading of assembly skipped.
Assembly Unity.Multiplayer.Center.Editor.Tests.dll at Library/ScriptAssemblies/Unity.Multiplayer.Center.Editor.Tests.dll not valid. Loading of assembly skipped.
Assembly Unity.Multiplayer.Center.Tests.dll at Library/ScriptAssemblies/Unity.Multiplayer.Center.Tests.dll not valid. Loading of assembly skipped.
Assembly Unity.Nuget.Mono-Cecil.dll at Library/ScriptAssemblies/Unity.Nuget.Mono-Cecil.dll not valid. Loading of assembly skipped.
Assembly Unity.PathTracing.Editor.Tests.dll at Library/ScriptAssemblies/Unity.PathTracing.Editor.Tests.dll not valid. Loading of assembly skipped.
Assembly Unity.PathTracing.Runtime.Tests.dll at Library/ScriptAssemblies/Unity.PathTracing.Runtime.Tests.dll not valid. Loading of assembly skipped.
Assembly Unity.RenderPipelines.Core.Editor.Tests.dll at Library/ScriptAssemblies/Unity.RenderPipelines.Core.Editor.Tests.dll not valid. Loading of assembly skipped.
Assembly Unity.RenderPipelines.Core.Runtime.Tests.dll at Library/ScriptAssemblies/Unity.RenderPipelines.Core.Runtime.Tests.dll not valid. Loading of assembly skipped.
Assembly Unity.RenderPipelines.Universal.Config.Editor.Tests.dll at Library/ScriptAssemblies/Unity.RenderPipelines.Universal.Config.Editor.Tests.dll not valid. Loading of assembly skipped.
Assembly Unity.RenderPipelines.Universal.Editor.Tests.dll at Library/ScriptAssemblies/Unity.RenderPipelines.Universal.Editor.Tests.dll not valid. Loading of assembly skipped.
Assembly Unity.RenderPipelines.Universal.Runtime.Tests.dll at Library/ScriptAssemblies/Unity.RenderPipelines.Universal.Runtime.Tests.dll not valid. Loading of assembly skipped.
Assembly Unity.Searcher.EditorTests.dll at Library/ScriptAssemblies/Unity.Searcher.EditorTests.dll not valid. Loading of assembly skipped.
Assembly Unity.ShaderGraph.Editor.Tests.dll at Library/ScriptAssemblies/Unity.ShaderGraph.Editor.Tests.dll not valid. Loading of assembly skipped.
Assembly Unity.TextMeshPro.Editor.Tests.dll at Library/ScriptAssemblies/Unity.TextMeshPro.Editor.Tests.dll not valid. Loading of assembly skipped.
Assembly Unity.TextMeshPro.Tests.dll at Library/ScriptAssemblies/Unity.TextMeshPro.Tests.dll not valid. Loading of assembly skipped.
Assembly Unity.UnifiedRayTracing.Editor.Tests.dll at Library/ScriptAssemblies/Unity.UnifiedRayTracing.Editor.Tests.dll not valid. Loading of assembly skipped.
Assembly UnityEditor.UI.Common.Tests.dll at Library/ScriptAssemblies/UnityEditor.UI.Common.Tests.dll not valid. Loading of assembly skipped.
Assembly UnityEditor.UI.EditorTests.dll at Library/ScriptAssemblies/UnityEditor.UI.EditorTests.dll not valid. Loading of assembly skipped.
Assembly UnityEngine.UI.Tests.dll at Library/ScriptAssemblies/UnityEngine.UI.Tests.dll not valid. Loading of assembly skipped.
Native extension for WindowsStandalone target not found
[Package Manager] Failed to launch server process. Reason: Unity was launched with the -noUpm command-line argument
[Package Manager] Unable to send message (not connected to server process).
[Package Manager] Cannot connect to Unity Package Manager local server
[Package Manager] Failed to launch server process. Reason: Unity was launched with the -noUpm command-line argument
[Package Manager] Unable to send message (not connected to server process).
[Package Manager] Cannot connect to Unity Package Manager local server
ScheduleIndexationOnStartup MainProcess:False IndexOnStartup:True
Mono: successfully reloaded assembly
- Finished resetting the current domain, in  0.773 seconds
Domain Reload Profiling: 1524ms
	BeginReloadAssembly (201ms)
		DisableScriptedObjects (12ms)
		CreateAndSetChildDomain (49ms)
	RebuildCommonClasses (29ms)
	RebuildNativeTypeToScriptingClass (10ms)
	initialDomainReloadingComplete (55ms)
	LoadAllAssembliesAndSetupDomain (454ms)
		LoadAssemblies (368ms)
		AnalyzeDomain (175ms)
			TypeCache.Refresh (8ms)
			BuildScriptInfoCaches (156ms)
			ResolveRequiredComponents (9ms)
	FinalizeReload (773ms)
		SetupLoadedEditorAssemblies (0ms)
			BeforeProcessingInitializeOnLoad (134ms)
			ProcessInitializeOnLoadAttributes (371ms)
			ProcessInitializeOnLoadMethodAttributes (110ms)
			AfterProcessingInitializeOnLoad (8ms)
		AwakeInstancesAfterBackupRestoration (9ms)
WARNING: Shader Unsupported: 'Hidden/Universal Render Pipeline/Terrain/Lit (Base Pass)' - All subshaders removed
WARNING: Shader Did you use #pragma only_renderers and omit this platform?
WARNING: Shader If subshaders removal was intentional, you may have forgotten turning Fallback off?
WARNING: Shader Unsupported: 'Universal Render Pipeline/Terrain/Lit' - All subshaders removed
WARNING: Shader Did you use #pragma only_renderers and omit this platform?
WARNING: Shader If subshaders removal was intentional, you may have forgotten turning Fallback off?
Refreshing native plugins compatible for Editor in 2.12 ms, found 5 plugins.
Unloading 58 Unused Serialized files (Serialized files now loaded: 0)
Unloading 7460 unused Assets / (9.0 MB). Loaded Objects now: 8129.
Memory consumption went from 185.0 MB to 175.9 MB.
Total: 18.790500 ms (FindLiveObjects: 1.187500 ms CreateObjectMapping: 1.657700 ms MarkObjects: 7.134000 ms  DeleteObjects: 8.809200 ms)

Prepare: number of updated asset objects reloaded= 0
========================================================================
Received Prepare
Begin MonoManager ReloadAssembly
Assembly Assembly-CSharp-Editor-firstpass.dll at Library/ScriptAssemblies/Assembly-CSharp-Editor-firstpass.dll not valid. Loading of assembly skipped.
Assembly Assembly-CSharp-Editor.dll at Library/ScriptAssemblies/Assembly-CSharp-Editor.dll not valid. Loading of assembly skipped.
Assembly Assembly-CSharp-firstpass.dll at Library/ScriptAssemblies/Assembly-CSharp-firstpass.dll not valid. Loading of assembly skipped.
Assembly Cinemachine.Editor.Tests.dll at Library/ScriptAssemblies/Cinemachine.Editor.Tests.dll not valid. Loading of assembly skipped.
Assembly Cinemachine.Runtime.Tests.dll at Library/ScriptAssemblies/Cinemachine.Runtime.Tests.dll not valid. Loading of assembly skipped.
Assembly DocCodeExamples.dll at Library/ScriptAssemblies/DocCodeExamples.dll not valid. Loading of assembly skipped.
Assembly TestNewCustomAssembly.dll at Library/ScriptAssemblies/TestNewCustomAssembly.dll not valid. Loading of assembly skipped.
Assembly Unity.2D.Animation.EditorTests.dll at Library/ScriptAssemblies/Unity.2D.Animation.EditorTests.dll not valid. Loading of assembly skipped.
Assembly Unity.2D.Aseprite.EditorTests.dll at Library/ScriptAssemblies/Unity.2D.Aseprite.EditorTests.dll not valid. Loading of assembly skipped.
Assembly Unity.2D.Common.EditorTests.dll at Library/ScriptAssemblies/Unity.2D.Common.EditorTests.dll not valid. Loading of assembly skipped.
Assembly Unity.2D.Psdimporter.EditorTests.dll at Library/ScriptAssemblies/Unity.2D.Psdimporter.EditorTests.dll not valid. Loading of assembly skipped.
Assembly Unity.2D.Sprite.Package.EditorTests.dll at Library/ScriptAssemblies/Unity.2D.Sprite.Package.EditorTests.dll not valid. Loading of assembly skipped.
Assembly Unity.2D.SpriteShape.EditorTests.dll at Library/ScriptAssemblies/Unity.2D.SpriteShape.EditorTests.dll not valid. Loading of assembly skipped.
Assembly Unity.2D.Tilemap.Package.EditorTests.dll at Library/ScriptAssemblies/Unity.2D.Tilemap.Package.EditorTests.dll not valid. Loading of assembly skipped.
Assembly Unity.Collections.BurstCompatibilityGen.dll at Library/ScriptAssemblies/Unity.Collections.BurstCompatibilityGen.dll not valid. Loading of assembly skipped.
Assembly Unity.Collections.DocCodeSamples.dll at Library/ScriptAssemblies/Unity.Collections.DocCodeSamples.dll not valid. Loading of assembly skipped.
Assembly Unity.Collections.PerformanceTests.dll at Library/ScriptAssemblies/Unity.Collections.PerformanceTests.dll not valid. Loading of assembly skipped.
Assembly Unity.Collections.Tests.dll at Library/ScriptAssemblies/Unity.Collections.Tests.dll not valid. Loading of assembly skipped.
Assembly Unity.Collections.Tests.Playmode.dll at Library/ScriptAssemblies/Unity.Collections.Tests.Playmode.dll not valid. Loading of assembly skipped.
Assembly Unity.InputSystem.IntegrationTests.dll at Library/ScriptAssemblies/Unity.InputSystem.IntegrationTests.dll not valid. Loading of assembly skipped.
Assembly Unity.Mathematics.Tests.dll at Library/ScriptAssemblies/Unity.Mathematics.Tests.dll not valid. Loading of assembly skipped.
Assembly Unity.Multiplayer.Center.Editor.Tests.dll at Library/ScriptAssemblies/Unity.Multiplayer.Center.Editor.Tests.dll not valid. Loading of assembly skipped.
Assembly Unity.Multiplayer.Center.Tests.dll at Library/ScriptAssemblies/Unity.Multiplayer.Center.Tests.dll not valid. Loading of assembly skipped.
Assembly Unity.Nuget.Mono-Cecil.dll at Library/ScriptAssemblies/Unity.Nuget.Mono-Cecil.dll not valid. Loading of assembly skipped.
Assembly Unity.PathTracing.Editor.Tests.dll at Library/ScriptAssemblies/Unity.PathTracing.Editor.Tests.dll not valid. Loading of assembly skipped.
Assembly Unity.PathTracing.Runtime.Tests.dll at Library/ScriptAssemblies/Unity.PathTracing.Runtime.Tests.dll not valid. Loading of assembly skipped.
Assembly Unity.RenderPipelines.Core.Editor.Tests.dll at Library/ScriptAssemblies/Unity.RenderPipelines.Core.Editor.Tests.dll not valid. Loading of assembly skipped.
Assembly Unity.RenderPipelines.Core.Runtime.Tests.dll at Library/ScriptAssemblies/Unity.RenderPipelines.Core.Runtime.Tests.dll not valid. Loading of assembly skipped.
Assembly Unity.RenderPipelines.Universal.Config.Editor.Tests.dll at Library/ScriptAssemblies/Unity.RenderPipelines.Universal.Config.Editor.Tests.dll not valid. Loading of assembly skipped.
Assembly Unity.RenderPipelines.Universal.Editor.Tests.dll at Library/ScriptAssemblies/Unity.RenderPipelines.Universal.Editor.Tests.dll not valid. Loading of assembly skipped.
Assembly Unity.RenderPipelines.Universal.Runtime.Tests.dll at Library/ScriptAssemblies/Unity.RenderPipelines.Universal.Runtime.Tests.dll not valid. Loading of assembly skipped.
Assembly Unity.Searcher.EditorTests.dll at Library/ScriptAssemblies/Unity.Searcher.EditorTests.dll not valid. Loading of assembly skipped.
Assembly Unity.ShaderGraph.Editor.Tests.dll at Library/ScriptAssemblies/Unity.ShaderGraph.Editor.Tests.dll not valid. Loading of assembly skipped.
Assembly Unity.TextMeshPro.Editor.Tests.dll at Library/ScriptAssemblies/Unity.TextMeshPro.Editor.Tests.dll not valid. Loading of assembly skipped.
Assembly Unity.TextMeshPro.Tests.dll at Library/ScriptAssemblies/Unity.TextMeshPro.Tests.dll not valid. Loading of assembly skipped.
Assembly Unity.UnifiedRayTracing.Editor.Tests.dll at Library/ScriptAssemblies/Unity.UnifiedRayTracing.Editor.Tests.dll not valid. Loading of assembly skipped.
Assembly UnityEditor.UI.Common.Tests.dll at Library/ScriptAssemblies/UnityEditor.UI.Common.Tests.dll not valid. Loading of assembly skipped.
Assembly UnityEditor.UI.EditorTests.dll at Library/ScriptAssemblies/UnityEditor.UI.EditorTests.dll not valid. Loading of assembly skipped.
Assembly UnityEngine.UI.Tests.dll at Library/ScriptAssemblies/UnityEngine.UI.Tests.dll not valid. Loading of assembly skipped.
Refreshing native plugins compatible for Editor in 2.10 ms, found 5 plugins.
Native extension for WindowsStandalone target not found
[Package Manager] Failed to launch server process. Reason: Unity was launched with the -noUpm command-line argument
[Package Manager] Unable to send message (not connected to server process).
[Package Manager] Cannot connect to Unity Package Manager local server
[Package Manager] Failed to launch server process. Reason: Unity was launched with the -noUpm command-line argument
[Package Manager] Unable to send message (not connected to server process).
[Package Manager] Cannot connect to Unity Package Manager local server
ScheduleIndexationOnStartup MainProcess:False IndexOnStartup:True
Mono: successfully reloaded assembly
- Finished resetting the current domain, in  0.960 seconds
Domain Reload Profiling: 1697ms
	BeginReloadAssembly (187ms)
		DisableScriptedObjects (10ms)
		CreateAndSetChildDomain (44ms)
	RebuildCommonClasses (35ms)
	RebuildNativeTypeToScriptingClass (11ms)
	initialDomainReloadingComplete (58ms)
	LoadAllAssembliesAndSetupDomain (446ms)
		LoadAssemblies (322ms)
		AnalyzeDomain (206ms)
			TypeCache.Refresh (9ms)
			BuildScriptInfoCaches (183ms)
			ResolveRequiredComponents (13ms)
	FinalizeReload (960ms)
		SetupLoadedEditorAssemblies (0ms)
			InitializePlatformSupportModulesInManaged (3ms)
			BeforeProcessingInitializeOnLoad (185ms)
			ProcessInitializeOnLoadAttributes (424ms)
			ProcessInitializeOnLoadMethodAttributes (112ms)
			AfterProcessingInitializeOnLoad (8ms)
		AwakeInstancesAfterBackupRestoration (11ms)
WARNING: Shader Unsupported: 'Hidden/Universal Render Pipeline/Terrain/Lit (Base Pass)' - All subshaders removed
WARNING: Shader Did you use #pragma only_renderers and omit this platform?
WARNING: Shader If subshaders removal was intentional, you may have forgotten turning Fallback off?
WARNING: Shader Unsupported: 'Universal Render Pipeline/Terrain/Lit' - All subshaders removed
WARNING: Shader Did you use #pragma only_renderers and omit this platform?
WARNING: Shader If subshaders removal was intentional, you may have forgotten turning Fallback off?
Refreshing native plugins compatible for Editor in 2.62 ms, found 5 plugins.
Unloading 58 Unused Serialized files (Serialized files now loaded: 0)
Unloading 7460 unused Assets / (9.0 MB). Loaded Objects now: 8132.
Memory consumption went from 187.6 MB to 178.6 MB.
Total: 19.796000 ms (FindLiveObjects: 1.199200 ms CreateObjectMapping: 1.579000 ms MarkObjects: 7.172000 ms  DeleteObjects: 9.843400 ms)

Prepare: number of updated asset objects reloaded= 0
========================================================================
Received Prepare
Begin MonoManager ReloadAssembly
[Licensing::Client] Successfully resolved entitlement details
Assembly Assembly-CSharp-Editor-firstpass.dll at Library/ScriptAssemblies/Assembly-CSharp-Editor-firstpass.dll not valid. Loading of assembly skipped.
Assembly Assembly-CSharp-Editor.dll at Library/ScriptAssemblies/Assembly-CSharp-Editor.dll not valid. Loading of assembly skipped.
Assembly Assembly-CSharp-firstpass.dll at Library/ScriptAssemblies/Assembly-CSharp-firstpass.dll not valid. Loading of assembly skipped.
Assembly Cinemachine.Editor.Tests.dll at Library/ScriptAssemblies/Cinemachine.Editor.Tests.dll not valid. Loading of assembly skipped.
Assembly Cinemachine.Runtime.Tests.dll at Library/ScriptAssemblies/Cinemachine.Runtime.Tests.dll not valid. Loading of assembly skipped.
Assembly DocCodeExamples.dll at Library/ScriptAssemblies/DocCodeExamples.dll not valid. Loading of assembly skipped.
Assembly TestNewCustomAssembly.dll at Library/ScriptAssemblies/TestNewCustomAssembly.dll not valid. Loading of assembly skipped.
Assembly Unity.2D.Animation.EditorTests.dll at Library/ScriptAssemblies/Unity.2D.Animation.EditorTests.dll not valid. Loading of assembly skipped.
Assembly Unity.2D.Aseprite.EditorTests.dll at Library/ScriptAssemblies/Unity.2D.Aseprite.EditorTests.dll not valid. Loading of assembly skipped.
Assembly Unity.2D.Common.EditorTests.dll at Library/ScriptAssemblies/Unity.2D.Common.EditorTests.dll not valid. Loading of assembly skipped.
Assembly Unity.2D.Psdimporter.EditorTests.dll at Library/ScriptAssemblies/Unity.2D.Psdimporter.EditorTests.dll not valid. Loading of assembly skipped.
Assembly Unity.2D.Sprite.Package.EditorTests.dll at Library/ScriptAssemblies/Unity.2D.Sprite.Package.EditorTests.dll not valid. Loading of assembly skipped.
Assembly Unity.2D.SpriteShape.EditorTests.dll at Library/ScriptAssemblies/Unity.2D.SpriteShape.EditorTests.dll not valid. Loading of assembly skipped.
Assembly Unity.2D.Tilemap.Package.EditorTests.dll at Library/ScriptAssemblies/Unity.2D.Tilemap.Package.EditorTests.dll not valid. Loading of assembly skipped.
Assembly Unity.Collections.BurstCompatibilityGen.dll at Library/ScriptAssemblies/Unity.Collections.BurstCompatibilityGen.dll not valid. Loading of assembly skipped.
Assembly Unity.Collections.DocCodeSamples.dll at Library/ScriptAssemblies/Unity.Collections.DocCodeSamples.dll not valid. Loading of assembly skipped.
Assembly Unity.Collections.PerformanceTests.dll at Library/ScriptAssemblies/Unity.Collections.PerformanceTests.dll not valid. Loading of assembly skipped.
Assembly Unity.Collections.Tests.dll at Library/ScriptAssemblies/Unity.Collections.Tests.dll not valid. Loading of assembly skipped.
Assembly Unity.Collections.Tests.Playmode.dll at Library/ScriptAssemblies/Unity.Collections.Tests.Playmode.dll not valid. Loading of assembly skipped.
Assembly Unity.InputSystem.IntegrationTests.dll at Library/ScriptAssemblies/Unity.InputSystem.IntegrationTests.dll not valid. Loading of assembly skipped.
Assembly Unity.Mathematics.Tests.dll at Library/ScriptAssemblies/Unity.Mathematics.Tests.dll not valid. Loading of assembly skipped.
Assembly Unity.Multiplayer.Center.Editor.Tests.dll at Library/ScriptAssemblies/Unity.Multiplayer.Center.Editor.Tests.dll not valid. Loading of assembly skipped.
Assembly Unity.Multiplayer.Center.Tests.dll at Library/ScriptAssemblies/Unity.Multiplayer.Center.Tests.dll not valid. Loading of assembly skipped.
Assembly Unity.Nuget.Mono-Cecil.dll at Library/ScriptAssemblies/Unity.Nuget.Mono-Cecil.dll not valid. Loading of assembly skipped.
Assembly Unity.PathTracing.Editor.Tests.dll at Library/ScriptAssemblies/Unity.PathTracing.Editor.Tests.dll not valid. Loading of assembly skipped.
Assembly Unity.PathTracing.Runtime.Tests.dll at Library/ScriptAssemblies/Unity.PathTracing.Runtime.Tests.dll not valid. Loading of assembly skipped.
Assembly Unity.RenderPipelines.Core.Editor.Tests.dll at Library/ScriptAssemblies/Unity.RenderPipelines.Core.Editor.Tests.dll not valid. Loading of assembly skipped.
Assembly Unity.RenderPipelines.Core.Runtime.Tests.dll at Library/ScriptAssemblies/Unity.RenderPipelines.Core.Runtime.Tests.dll not valid. Loading of assembly skipped.
Assembly Unity.RenderPipelines.Universal.Config.Editor.Tests.dll at Library/ScriptAssemblies/Unity.RenderPipelines.Universal.Config.Editor.Tests.dll not valid. Loading of assembly skipped.
Assembly Unity.RenderPipelines.Universal.Editor.Tests.dll at Library/ScriptAssemblies/Unity.RenderPipelines.Universal.Editor.Tests.dll not valid. Loading of assembly skipped.
Assembly Unity.RenderPipelines.Universal.Runtime.Tests.dll at Library/ScriptAssemblies/Unity.RenderPipelines.Universal.Runtime.Tests.dll not valid. Loading of assembly skipped.
Assembly Unity.Searcher.EditorTests.dll at Library/ScriptAssemblies/Unity.Searcher.EditorTests.dll not valid. Loading of assembly skipped.
Assembly Unity.ShaderGraph.Editor.Tests.dll at Library/ScriptAssemblies/Unity.ShaderGraph.Editor.Tests.dll not valid. Loading of assembly skipped.
Assembly Unity.TextMeshPro.Editor.Tests.dll at Library/ScriptAssemblies/Unity.TextMeshPro.Editor.Tests.dll not valid. Loading of assembly skipped.
Assembly Unity.TextMeshPro.Tests.dll at Library/ScriptAssemblies/Unity.TextMeshPro.Tests.dll not valid. Loading of assembly skipped.
Assembly Unity.UnifiedRayTracing.Editor.Tests.dll at Library/ScriptAssemblies/Unity.UnifiedRayTracing.Editor.Tests.dll not valid. Loading of assembly skipped.
Assembly UnityEditor.UI.Common.Tests.dll at Library/ScriptAssemblies/UnityEditor.UI.Common.Tests.dll not valid. Loading of assembly skipped.
Assembly UnityEditor.UI.EditorTests.dll at Library/ScriptAssemblies/UnityEditor.UI.EditorTests.dll not valid. Loading of assembly skipped.
Assembly UnityEngine.UI.Tests.dll at Library/ScriptAssemblies/UnityEngine.UI.Tests.dll not valid. Loading of assembly skipped.
Native extension for WindowsStandalone target not found
[Package Manager] Failed to launch server process. Reason: Unity was launched with the -noUpm command-line argument
[Package Manager] Unable to send message (not connected to server process).
[Package Manager] Cannot connect to Unity Package Manager local server
[Package Manager] Failed to launch server process. Reason: Unity was launched with the -noUpm command-line argument
[Package Manager] Unable to send message (not connected to server process).
[Package Manager] Cannot connect to Unity Package Manager local server
ScheduleIndexationOnStartup MainProcess:False IndexOnStartup:True
Mono: successfully reloaded assembly
- Finished resetting the current domain, in  0.794 seconds
Domain Reload Profiling: 1523ms
	BeginReloadAssembly (200ms)
		DisableScriptedObjects (11ms)
		CreateAndSetChildDomain (49ms)
	RebuildCommonClasses (33ms)
	RebuildNativeTypeToScriptingClass (10ms)
	initialDomainReloadingComplete (58ms)
	LoadAllAssembliesAndSetupDomain (426ms)
		LoadAssemblies (329ms)
		AnalyzeDomain (188ms)
			TypeCache.Refresh (9ms)
			BuildScriptInfoCaches (168ms)
			ResolveRequiredComponents (9ms)
	FinalizeReload (795ms)
		SetupLoadedEditorAssemblies (0ms)
			BeforeProcessingInitializeOnLoad (137ms)
			ProcessInitializeOnLoadAttributes (365ms)
			ProcessInitializeOnLoadMethodAttributes (108ms)
			AfterProcessingInitializeOnLoad (7ms)
		AwakeInstancesAfterBackupRestoration (9ms)
WARNING: Shader Unsupported: 'Hidden/Universal Render Pipeline/Terrain/Lit (Base Pass)' - All subshaders removed
WARNING: Shader Did you use #pragma only_renderers and omit this platform?
WARNING: Shader If subshaders removal was intentional, you may have forgotten turning Fallback off?
WARNING: Shader Unsupported: 'Universal Render Pipeline/Terrain/Lit' - All subshaders removed
WARNING: Shader Did you use #pragma only_renderers and omit this platform?
WARNING: Shader If subshaders removal was intentional, you may have forgotten turning Fallback off?
Unloading 58 Unused Serialized files (Serialized files now loaded: 0)
Unloading 7460 unused Assets / (8.7 MB). Loaded Objects now: 8135.
Memory consumption went from 190.2 MB to 181.5 MB.
Total: 19.286500 ms (FindLiveObjects: 1.314800 ms CreateObjectMapping: 1.751400 ms MarkObjects: 7.442100 ms  DeleteObjects: 8.775200 ms)

Prepare: number of updated asset objects reloaded= 0
========================================================================
Received Prepare
Begin MonoManager ReloadAssembly
Assembly Assembly-CSharp-Editor-firstpass.dll at Library/ScriptAssemblies/Assembly-CSharp-Editor-firstpass.dll not valid. Loading of assembly skipped.
Assembly Assembly-CSharp-Editor.dll at Library/ScriptAssemblies/Assembly-CSharp-Editor.dll not valid. Loading of assembly skipped.
Assembly Assembly-CSharp-firstpass.dll at Library/ScriptAssemblies/Assembly-CSharp-firstpass.dll not valid. Loading of assembly skipped.
Assembly Cinemachine.Editor.Tests.dll at Library/ScriptAssemblies/Cinemachine.Editor.Tests.dll not valid. Loading of assembly skipped.
Assembly Cinemachine.Runtime.Tests.dll at Library/ScriptAssemblies/Cinemachine.Runtime.Tests.dll not valid. Loading of assembly skipped.
Assembly DocCodeExamples.dll at Library/ScriptAssemblies/DocCodeExamples.dll not valid. Loading of assembly skipped.
Assembly TestNewCustomAssembly.dll at Library/ScriptAssemblies/TestNewCustomAssembly.dll not valid. Loading of assembly skipped.
Assembly Unity.2D.Animation.EditorTests.dll at Library/ScriptAssemblies/Unity.2D.Animation.EditorTests.dll not valid. Loading of assembly skipped.
Assembly Unity.2D.Aseprite.EditorTests.dll at Library/ScriptAssemblies/Unity.2D.Aseprite.EditorTests.dll not valid. Loading of assembly skipped.
Assembly Unity.2D.Common.EditorTests.dll at Library/ScriptAssemblies/Unity.2D.Common.EditorTests.dll not valid. Loading of assembly skipped.
Assembly Unity.2D.Psdimporter.EditorTests.dll at Library/ScriptAssemblies/Unity.2D.Psdimporter.EditorTests.dll not valid. Loading of assembly skipped.
Assembly Unity.2D.Sprite.Package.EditorTests.dll at Library/ScriptAssemblies/Unity.2D.Sprite.Package.EditorTests.dll not valid. Loading of assembly skipped.
Assembly Unity.2D.SpriteShape.EditorTests.dll at Library/ScriptAssemblies/Unity.2D.SpriteShape.EditorTests.dll not valid. Loading of assembly skipped.
Assembly Unity.2D.Tilemap.Package.EditorTests.dll at Library/ScriptAssemblies/Unity.2D.Tilemap.Package.EditorTests.dll not valid. Loading of assembly skipped.
Assembly Unity.Collections.BurstCompatibilityGen.dll at Library/ScriptAssemblies/Unity.Collections.BurstCompatibilityGen.dll not valid. Loading of assembly skipped.
Assembly Unity.Collections.DocCodeSamples.dll at Library/ScriptAssemblies/Unity.Collections.DocCodeSamples.dll not valid. Loading of assembly skipped.
Assembly Unity.Collections.PerformanceTests.dll at Library/ScriptAssemblies/Unity.Collections.PerformanceTests.dll not valid. Loading of assembly skipped.
Assembly Unity.Collections.Tests.dll at Library/ScriptAssemblies/Unity.Collections.Tests.dll not valid. Loading of assembly skipped.
Assembly Unity.Collections.Tests.Playmode.dll at Library/ScriptAssemblies/Unity.Collections.Tests.Playmode.dll not valid. Loading of assembly skipped.
Assembly Unity.InputSystem.IntegrationTests.dll at Library/ScriptAssemblies/Unity.InputSystem.IntegrationTests.dll not valid. Loading of assembly skipped.
Assembly Unity.Mathematics.Tests.dll at Library/ScriptAssemblies/Unity.Mathematics.Tests.dll not valid. Loading of assembly skipped.
Assembly Unity.Multiplayer.Center.Editor.Tests.dll at Library/ScriptAssemblies/Unity.Multiplayer.Center.Editor.Tests.dll not valid. Loading of assembly skipped.
Assembly Unity.Multiplayer.Center.Tests.dll at Library/ScriptAssemblies/Unity.Multiplayer.Center.Tests.dll not valid. Loading of assembly skipped.
Assembly Unity.Nuget.Mono-Cecil.dll at Library/ScriptAssemblies/Unity.Nuget.Mono-Cecil.dll not valid. Loading of assembly skipped.
Assembly Unity.PathTracing.Editor.Tests.dll at Library/ScriptAssemblies/Unity.PathTracing.Editor.Tests.dll not valid. Loading of assembly skipped.
Assembly Unity.PathTracing.Runtime.Tests.dll at Library/ScriptAssemblies/Unity.PathTracing.Runtime.Tests.dll not valid. Loading of assembly skipped.
Assembly Unity.RenderPipelines.Core.Editor.Tests.dll at Library/ScriptAssemblies/Unity.RenderPipelines.Core.Editor.Tests.dll not valid. Loading of assembly skipped.
Assembly Unity.RenderPipelines.Core.Runtime.Tests.dll at Library/ScriptAssemblies/Unity.RenderPipelines.Core.Runtime.Tests.dll not valid. Loading of assembly skipped.
Assembly Unity.RenderPipelines.Universal.Config.Editor.Tests.dll at Library/ScriptAssemblies/Unity.RenderPipelines.Universal.Config.Editor.Tests.dll not valid. Loading of assembly skipped.
Assembly Unity.RenderPipelines.Universal.Editor.Tests.dll at Library/ScriptAssemblies/Unity.RenderPipelines.Universal.Editor.Tests.dll not valid. Loading of assembly skipped.
Assembly Unity.RenderPipelines.Universal.Runtime.Tests.dll at Library/ScriptAssemblies/Unity.RenderPipelines.Universal.Runtime.Tests.dll not valid. Loading of assembly skipped.
Assembly Unity.Searcher.EditorTests.dll at Library/ScriptAssemblies/Unity.Searcher.EditorTests.dll not valid. Loading of assembly skipped.
Assembly Unity.ShaderGraph.Editor.Tests.dll at Library/ScriptAssemblies/Unity.ShaderGraph.Editor.Tests.dll not valid. Loading of assembly skipped.
Assembly Unity.TextMeshPro.Editor.Tests.dll at Library/ScriptAssemblies/Unity.TextMeshPro.Editor.Tests.dll not valid. Loading of assembly skipped.
Assembly Unity.TextMeshPro.Tests.dll at Library/ScriptAssemblies/Unity.TextMeshPro.Tests.dll not valid. Loading of assembly skipped.
Assembly Unity.UnifiedRayTracing.Editor.Tests.dll at Library/ScriptAssemblies/Unity.UnifiedRayTracing.Editor.Tests.dll not valid. Loading of assembly skipped.
Assembly UnityEditor.UI.Common.Tests.dll at Library/ScriptAssemblies/UnityEditor.UI.Common.Tests.dll not valid. Loading of assembly skipped.
Assembly UnityEditor.UI.EditorTests.dll at Library/ScriptAssemblies/UnityEditor.UI.EditorTests.dll not valid. Loading of assembly skipped.
Assembly UnityEngine.UI.Tests.dll at Library/ScriptAssemblies/UnityEngine.UI.Tests.dll not valid. Loading of assembly skipped.
Refreshing native plugins compatible for Editor in 2.27 ms, found 5 plugins.
Native extension for WindowsStandalone target not found
[Package Manager] Failed to launch server process. Reason: Unity was launched with the -noUpm command-line argument
[Package Manager] Unable to send message (not connected to server process).
[Package Manager] Cannot connect to Unity Package Manager local server
[Package Manager] Failed to launch server process. Reason: Unity was launched with the -noUpm command-line argument
[Package Manager] Unable to send message (not connected to server process).
[Package Manager] Cannot connect to Unity Package Manager local server
ScheduleIndexationOnStartup MainProcess:False IndexOnStartup:True
Mono: successfully reloaded assembly
- Finished resetting the current domain, in  0.969 seconds
Domain Reload Profiling: 1711ms
	BeginReloadAssembly (189ms)
		DisableScriptedObjects (10ms)
		CreateAndSetChildDomain (42ms)
	RebuildCommonClasses (35ms)
	RebuildNativeTypeToScriptingClass (11ms)
	initialDomainReloadingComplete (61ms)
	LoadAllAssembliesAndSetupDomain (446ms)
		LoadAssemblies (326ms)
		AnalyzeDomain (207ms)
			TypeCache.Refresh (9ms)
			BuildScriptInfoCaches (185ms)
			ResolveRequiredComponents (12ms)
	FinalizeReload (969ms)
		SetupLoadedEditorAssemblies (0ms)
			InitializePlatformSupportModulesInManaged (3ms)
			BeforeProcessingInitializeOnLoad (181ms)
			ProcessInitializeOnLoadAttributes (435ms)
			ProcessInitializeOnLoadMethodAttributes (107ms)
			AfterProcessingInitializeOnLoad (6ms)
		AwakeInstancesAfterBackupRestoration (10ms)
WARNING: Shader Unsupported: 'Hidden/Universal Render Pipeline/Terrain/Lit (Base Pass)' - All subshaders removed
WARNING: Shader Did you use #pragma only_renderers and omit this platform?
WARNING: Shader If subshaders removal was intentional, you may have forgotten turning Fallback off?
WARNING: Shader Unsupported: 'Universal Render Pipeline/Terrain/Lit' - All subshaders removed
WARNING: Shader Did you use #pragma only_renderers and omit this platform?
WARNING: Shader If subshaders removal was intentional, you may have forgotten turning Fallback off?
Unloading 58 Unused Serialized files (Serialized files now loaded: 0)
Unloading 7460 unused Assets / (9.1 MB). Loaded Objects now: 8138.
Memory consumption went from 192.8 MB to 183.7 MB.
Total: 19.686000 ms (FindLiveObjects: 2.042400 ms CreateObjectMapping: 1.205000 ms MarkObjects: 7.623400 ms  DeleteObjects: 8.811300 ms)

Prepare: number of updated asset objects reloaded= 0
========================================================================
Received Import Request.
  Time since last request: 6680.431642 seconds.
  path: Assets/Sprites/spike.png
  importAddress: Guid(984f34f19206d084d8c163ed16233949) Importer(2089858483,b0f066a214c2f5e87bad3c948f4d605d)
Start importing Assets/Sprites/spike.png using Guid(984f34f19206d084d8c163ed16233949) Importer(2089858483,b0f066a214c2f5e87bad3c948f4d605d) (ScriptedImporter) -> (Import Result ID: '8a5cb1546a3d5b254312b4db4244d51e') in 0.1165468 seconds [static and dynamic dependencies]. Details - ImportResultOutputID=81f3ee0effce0889828d9a1e60d91b2c DependenciesID=4655e017d4c96ead2e6fe8b22f5817dc StaticDependenciesID=6929bad7155f609a26a0312ae6535599 
Number of updated asset objects reloaded before import = 0Number of asset objects unloaded after import = 3

========================================================================
Received Prepare
WARNING: Shader Unsupported: 'Hidden/Universal Render Pipeline/Terrain/Lit (Base Pass)' - All subshaders removed
WARNING: Shader Did you use #pragma only_renderers and omit this platform?
WARNING: Shader If subshaders removal was intentional, you may have forgotten turning Fallback off?
WARNING: Shader Unsupported: 'Universal Render Pipeline/Terrain/Lit' - All subshaders removed
WARNING: Shader Did you use #pragma only_renderers and omit this platform?
WARNING: Shader If subshaders removal was intentional, you may have forgotten turning Fallback off?
Unloading 58 Unused Serialized files (Serialized files now loaded: 0)
Unloading 7445 unused Assets / (8.7 MB). Loaded Objects now: 8140.
Memory consumption went from 163.0 MB to 154.3 MB.
Total: 11.852500 ms (FindLiveObjects: 0.757200 ms CreateObjectMapping: 0.633500 ms MarkObjects: 5.424100 ms  DeleteObjects: 5.036300 ms)

Prepare: number of updated asset objects reloaded= 0
========================================================================
Received Prepare
WARNING: Shader Unsupported: 'Hidden/Universal Render Pipeline/Terrain/Lit (Base Pass)' - All subshaders removed
WARNING: Shader Did you use #pragma only_renderers and omit this platform?
WARNING: Shader If subshaders removal was intentional, you may have forgotten turning Fallback off?
WARNING: Shader Unsupported: 'Universal Render Pipeline/Terrain/Lit' - All subshaders removed
WARNING: Shader Did you use #pragma only_renderers and omit this platform?
WARNING: Shader If subshaders removal was intentional, you may have forgotten turning Fallback off?
Unloading 58 Unused Serialized files (Serialized files now loaded: 0)
Unloading 7445 unused Assets / (8.2 MB). Loaded Objects now: 8140.
Memory consumption went from 165.6 MB to 157.4 MB.
Total: 9.595100 ms (FindLiveObjects: 0.845800 ms CreateObjectMapping: 0.610700 ms MarkObjects: 4.612300 ms  DeleteObjects: 3.525400 ms)

Prepare: number of updated asset objects reloaded= 0
========================================================================
Received Prepare
Begin MonoManager ReloadAssembly
[Licensing::Client] Successfully resolved entitlement details
Assembly Assembly-CSharp-Editor-firstpass.dll at Library/ScriptAssemblies/Assembly-CSharp-Editor-firstpass.dll not valid. Loading of assembly skipped.
Assembly Assembly-CSharp-Editor.dll at Library/ScriptAssemblies/Assembly-CSharp-Editor.dll not valid. Loading of assembly skipped.
Assembly Assembly-CSharp-firstpass.dll at Library/ScriptAssemblies/Assembly-CSharp-firstpass.dll not valid. Loading of assembly skipped.
Assembly Cinemachine.Editor.Tests.dll at Library/ScriptAssemblies/Cinemachine.Editor.Tests.dll not valid. Loading of assembly skipped.
Assembly Cinemachine.Runtime.Tests.dll at Library/ScriptAssemblies/Cinemachine.Runtime.Tests.dll not valid. Loading of assembly skipped.
Assembly DocCodeExamples.dll at Library/ScriptAssemblies/DocCodeExamples.dll not valid. Loading of assembly skipped.
Assembly TestNewCustomAssembly.dll at Library/ScriptAssemblies/TestNewCustomAssembly.dll not valid. Loading of assembly skipped.
Assembly Unity.2D.Animation.EditorTests.dll at Library/ScriptAssemblies/Unity.2D.Animation.EditorTests.dll not valid. Loading of assembly skipped.
Assembly Unity.2D.Aseprite.EditorTests.dll at Library/ScriptAssemblies/Unity.2D.Aseprite.EditorTests.dll not valid. Loading of assembly skipped.
Assembly Unity.2D.Common.EditorTests.dll at Library/ScriptAssemblies/Unity.2D.Common.EditorTests.dll not valid. Loading of assembly skipped.
Assembly Unity.2D.Psdimporter.EditorTests.dll at Library/ScriptAssemblies/Unity.2D.Psdimporter.EditorTests.dll not valid. Loading of assembly skipped.
Assembly Unity.2D.Sprite.Package.EditorTests.dll at Library/ScriptAssemblies/Unity.2D.Sprite.Package.EditorTests.dll not valid. Loading of assembly skipped.
Assembly Unity.2D.SpriteShape.EditorTests.dll at Library/ScriptAssemblies/Unity.2D.SpriteShape.EditorTests.dll not valid. Loading of assembly skipped.
Assembly Unity.2D.Tilemap.Package.EditorTests.dll at Library/ScriptAssemblies/Unity.2D.Tilemap.Package.EditorTests.dll not valid. Loading of assembly skipped.
Assembly Unity.Collections.BurstCompatibilityGen.dll at Library/ScriptAssemblies/Unity.Collections.BurstCompatibilityGen.dll not valid. Loading of assembly skipped.
Assembly Unity.Collections.DocCodeSamples.dll at Library/ScriptAssemblies/Unity.Collections.DocCodeSamples.dll not valid. Loading of assembly skipped.
Assembly Unity.Collections.PerformanceTests.dll at Library/ScriptAssemblies/Unity.Collections.PerformanceTests.dll not valid. Loading of assembly skipped.
Assembly Unity.Collections.Tests.dll at Library/ScriptAssemblies/Unity.Collections.Tests.dll not valid. Loading of assembly skipped.
Assembly Unity.Collections.Tests.Playmode.dll at Library/ScriptAssemblies/Unity.Collections.Tests.Playmode.dll not valid. Loading of assembly skipped.
Assembly Unity.InputSystem.IntegrationTests.dll at Library/ScriptAssemblies/Unity.InputSystem.IntegrationTests.dll not valid. Loading of assembly skipped.
Assembly Unity.Mathematics.Tests.dll at Library/ScriptAssemblies/Unity.Mathematics.Tests.dll not valid. Loading of assembly skipped.
Assembly Unity.Multiplayer.Center.Editor.Tests.dll at Library/ScriptAssemblies/Unity.Multiplayer.Center.Editor.Tests.dll not valid. Loading of assembly skipped.
Assembly Unity.Multiplayer.Center.Tests.dll at Library/ScriptAssemblies/Unity.Multiplayer.Center.Tests.dll not valid. Loading of assembly skipped.
Assembly Unity.Nuget.Mono-Cecil.dll at Library/ScriptAssemblies/Unity.Nuget.Mono-Cecil.dll not valid. Loading of assembly skipped.
Assembly Unity.PathTracing.Editor.Tests.dll at Library/ScriptAssemblies/Unity.PathTracing.Editor.Tests.dll not valid. Loading of assembly skipped.
Assembly Unity.PathTracing.Runtime.Tests.dll at Library/ScriptAssemblies/Unity.PathTracing.Runtime.Tests.dll not valid. Loading of assembly skipped.
Assembly Unity.RenderPipelines.Core.Editor.Tests.dll at Library/ScriptAssemblies/Unity.RenderPipelines.Core.Editor.Tests.dll not valid. Loading of assembly skipped.
Assembly Unity.RenderPipelines.Core.Runtime.Tests.dll at Library/ScriptAssemblies/Unity.RenderPipelines.Core.Runtime.Tests.dll not valid. Loading of assembly skipped.
Assembly Unity.RenderPipelines.Universal.Config.Editor.Tests.dll at Library/ScriptAssemblies/Unity.RenderPipelines.Universal.Config.Editor.Tests.dll not valid. Loading of assembly skipped.
Assembly Unity.RenderPipelines.Universal.Editor.Tests.dll at Library/ScriptAssemblies/Unity.RenderPipelines.Universal.Editor.Tests.dll not valid. Loading of assembly skipped.
Assembly Unity.RenderPipelines.Universal.Runtime.Tests.dll at Library/ScriptAssemblies/Unity.RenderPipelines.Universal.Runtime.Tests.dll not valid. Loading of assembly skipped.
Assembly Unity.Searcher.EditorTests.dll at Library/ScriptAssemblies/Unity.Searcher.EditorTests.dll not valid. Loading of assembly skipped.
Assembly Unity.ShaderGraph.Editor.Tests.dll at Library/ScriptAssemblies/Unity.ShaderGraph.Editor.Tests.dll not valid. Loading of assembly skipped.
Assembly Unity.TextMeshPro.Editor.Tests.dll at Library/ScriptAssemblies/Unity.TextMeshPro.Editor.Tests.dll not valid. Loading of assembly skipped.
Assembly Unity.TextMeshPro.Tests.dll at Library/ScriptAssemblies/Unity.TextMeshPro.Tests.dll not valid. Loading of assembly skipped.
Assembly Unity.UnifiedRayTracing.Editor.Tests.dll at Library/ScriptAssemblies/Unity.UnifiedRayTracing.Editor.Tests.dll not valid. Loading of assembly skipped.
Assembly UnityEditor.UI.Common.Tests.dll at Library/ScriptAssemblies/UnityEditor.UI.Common.Tests.dll not valid. Loading of assembly skipped.
Assembly UnityEditor.UI.EditorTests.dll at Library/ScriptAssemblies/UnityEditor.UI.EditorTests.dll not valid. Loading of assembly skipped.
Assembly UnityEngine.UI.Tests.dll at Library/ScriptAssemblies/UnityEngine.UI.Tests.dll not valid. Loading of assembly skipped.
Native extension for WindowsStandalone target not found
[Package Manager] Failed to launch server process. Reason: Unity was launched with the -noUpm command-line argument
[Package Manager] Unable to send message (not connected to server process).
[Package Manager] Cannot connect to Unity Package Manager local server
[Package Manager] Failed to launch server process. Reason: Unity was launched with the -noUpm command-line argument
[Package Manager] Unable to send message (not connected to server process).
[Package Manager] Cannot connect to Unity Package Manager local server
ScheduleIndexationOnStartup MainProcess:False IndexOnStartup:True
Mono: successfully reloaded assembly
- Finished resetting the current domain, in  0.575 seconds
Domain Reload Profiling: 1334ms
	BeginReloadAssembly (197ms)
		DisableScriptedObjects (13ms)
		CreateAndSetChildDomain (43ms)
	RebuildCommonClasses (37ms)
	RebuildNativeTypeToScriptingClass (14ms)
	initialDomainReloadingComplete (64ms)
	LoadAllAssembliesAndSetupDomain (448ms)
		LoadAssemblies (339ms)
		AnalyzeDomain (199ms)
			TypeCache.Refresh (15ms)
			BuildScriptInfoCaches (171ms)
			ResolveRequiredComponents (11ms)
	FinalizeReload (575ms)
		SetupLoadedEditorAssemblies (0ms)
			BeforeProcessingInitializeOnLoad (119ms)
			ProcessInitializeOnLoadAttributes (259ms)
			ProcessInitializeOnLoadMethodAttributes (65ms)
			AfterProcessingInitializeOnLoad (5ms)
		AwakeInstancesAfterBackupRestoration (6ms)
WARNING: Shader Unsupported: 'Hidden/Universal Render Pipeline/Terrain/Lit (Base Pass)' - All subshaders removed
WARNING: Shader Did you use #pragma only_renderers and omit this platform?
WARNING: Shader If subshaders removal was intentional, you may have forgotten turning Fallback off?
WARNING: Shader Unsupported: 'Universal Render Pipeline/Terrain/Lit' - All subshaders removed
WARNING: Shader Did you use #pragma only_renderers and omit this platform?
WARNING: Shader If subshaders removal was intentional, you may have forgotten turning Fallback off?
Unloading 58 Unused Serialized files (Serialized files now loaded: 0)
Unloading 7460 unused Assets / (8.0 MB). Loaded Objects now: 8143.
Memory consumption went from 167.9 MB to 159.9 MB.
Total: 9.444800 ms (FindLiveObjects: 0.935700 ms CreateObjectMapping: 0.553200 ms MarkObjects: 4.270000 ms  DeleteObjects: 3.685100 ms)

Prepare: number of updated asset objects reloaded= 0
========================================================================
Received Prepare
WARNING: Shader Unsupported: 'Hidden/Universal Render Pipeline/Terrain/Lit (Base Pass)' - All subshaders removed
WARNING: Shader Did you use #pragma only_renderers and omit this platform?
WARNING: Shader If subshaders removal was intentional, you may have forgotten turning Fallback off?
WARNING: Shader Unsupported: 'Universal Render Pipeline/Terrain/Lit' - All subshaders removed
WARNING: Shader Did you use #pragma only_renderers and omit this platform?
WARNING: Shader If subshaders removal was intentional, you may have forgotten turning Fallback off?
Unloading 58 Unused Serialized files (Serialized files now loaded: 0)
Unloading 7445 unused Assets / (8.5 MB). Loaded Objects now: 8143.
Memory consumption went from 170.6 MB to 162.1 MB.
Total: 10.695200 ms (FindLiveObjects: 1.119800 ms CreateObjectMapping: 0.586800 ms MarkObjects: 4.612600 ms  DeleteObjects: 4.374600 ms)

Prepare: number of updated asset objects reloaded= 0
========================================================================
Received Prepare
Begin MonoManager ReloadAssembly
Assembly Assembly-CSharp-Editor-firstpass.dll at Library/ScriptAssemblies/Assembly-CSharp-Editor-firstpass.dll not valid. Loading of assembly skipped.
Assembly Assembly-CSharp-Editor.dll at Library/ScriptAssemblies/Assembly-CSharp-Editor.dll not valid. Loading of assembly skipped.
Assembly Assembly-CSharp-firstpass.dll at Library/ScriptAssemblies/Assembly-CSharp-firstpass.dll not valid. Loading of assembly skipped.
Assembly Cinemachine.Editor.Tests.dll at Library/ScriptAssemblies/Cinemachine.Editor.Tests.dll not valid. Loading of assembly skipped.
Assembly Cinemachine.Runtime.Tests.dll at Library/ScriptAssemblies/Cinemachine.Runtime.Tests.dll not valid. Loading of assembly skipped.
Assembly DocCodeExamples.dll at Library/ScriptAssemblies/DocCodeExamples.dll not valid. Loading of assembly skipped.
Assembly TestNewCustomAssembly.dll at Library/ScriptAssemblies/TestNewCustomAssembly.dll not valid. Loading of assembly skipped.
Assembly Unity.2D.Animation.EditorTests.dll at Library/ScriptAssemblies/Unity.2D.Animation.EditorTests.dll not valid. Loading of assembly skipped.
Assembly Unity.2D.Aseprite.EditorTests.dll at Library/ScriptAssemblies/Unity.2D.Aseprite.EditorTests.dll not valid. Loading of assembly skipped.
Assembly Unity.2D.Common.EditorTests.dll at Library/ScriptAssemblies/Unity.2D.Common.EditorTests.dll not valid. Loading of assembly skipped.
Assembly Unity.2D.Psdimporter.EditorTests.dll at Library/ScriptAssemblies/Unity.2D.Psdimporter.EditorTests.dll not valid. Loading of assembly skipped.
Assembly Unity.2D.Sprite.Package.EditorTests.dll at Library/ScriptAssemblies/Unity.2D.Sprite.Package.EditorTests.dll not valid. Loading of assembly skipped.
Assembly Unity.2D.SpriteShape.EditorTests.dll at Library/ScriptAssemblies/Unity.2D.SpriteShape.EditorTests.dll not valid. Loading of assembly skipped.
Assembly Unity.2D.Tilemap.Package.EditorTests.dll at Library/ScriptAssemblies/Unity.2D.Tilemap.Package.EditorTests.dll not valid. Loading of assembly skipped.
Assembly Unity.Collections.BurstCompatibilityGen.dll at Library/ScriptAssemblies/Unity.Collections.BurstCompatibilityGen.dll not valid. Loading of assembly skipped.
Assembly Unity.Collections.DocCodeSamples.dll at Library/ScriptAssemblies/Unity.Collections.DocCodeSamples.dll not valid. Loading of assembly skipped.
Assembly Unity.Collections.PerformanceTests.dll at Library/ScriptAssemblies/Unity.Collections.PerformanceTests.dll not valid. Loading of assembly skipped.
Assembly Unity.Collections.Tests.dll at Library/ScriptAssemblies/Unity.Collections.Tests.dll not valid. Loading of assembly skipped.
Assembly Unity.Collections.Tests.Playmode.dll at Library/ScriptAssemblies/Unity.Collections.Tests.Playmode.dll not valid. Loading of assembly skipped.
Assembly Unity.InputSystem.IntegrationTests.dll at Library/ScriptAssemblies/Unity.InputSystem.IntegrationTests.dll not valid. Loading of assembly skipped.
Assembly Unity.Mathematics.Tests.dll at Library/ScriptAssemblies/Unity.Mathematics.Tests.dll not valid. Loading of assembly skipped.
Assembly Unity.Multiplayer.Center.Editor.Tests.dll at Library/ScriptAssemblies/Unity.Multiplayer.Center.Editor.Tests.dll not valid. Loading of assembly skipped.
Assembly Unity.Multiplayer.Center.Tests.dll at Library/ScriptAssemblies/Unity.Multiplayer.Center.Tests.dll not valid. Loading of assembly skipped.
Assembly Unity.Nuget.Mono-Cecil.dll at Library/ScriptAssemblies/Unity.Nuget.Mono-Cecil.dll not valid. Loading of assembly skipped.
Assembly Unity.PathTracing.Editor.Tests.dll at Library/ScriptAssemblies/Unity.PathTracing.Editor.Tests.dll not valid. Loading of assembly skipped.
Assembly Unity.PathTracing.Runtime.Tests.dll at Library/ScriptAssemblies/Unity.PathTracing.Runtime.Tests.dll not valid. Loading of assembly skipped.
Assembly Unity.RenderPipelines.Core.Editor.Tests.dll at Library/ScriptAssemblies/Unity.RenderPipelines.Core.Editor.Tests.dll not valid. Loading of assembly skipped.
Assembly Unity.RenderPipelines.Core.Runtime.Tests.dll at Library/ScriptAssemblies/Unity.RenderPipelines.Core.Runtime.Tests.dll not valid. Loading of assembly skipped.
Assembly Unity.RenderPipelines.Universal.Config.Editor.Tests.dll at Library/ScriptAssemblies/Unity.RenderPipelines.Universal.Config.Editor.Tests.dll not valid. Loading of assembly skipped.
Assembly Unity.RenderPipelines.Universal.Editor.Tests.dll at Library/ScriptAssemblies/Unity.RenderPipelines.Universal.Editor.Tests.dll not valid. Loading of assembly skipped.
Assembly Unity.RenderPipelines.Universal.Runtime.Tests.dll at Library/ScriptAssemblies/Unity.RenderPipelines.Universal.Runtime.Tests.dll not valid. Loading of assembly skipped.
Assembly Unity.Searcher.EditorTests.dll at Library/ScriptAssemblies/Unity.Searcher.EditorTests.dll not valid. Loading of assembly skipped.
Assembly Unity.ShaderGraph.Editor.Tests.dll at Library/ScriptAssemblies/Unity.ShaderGraph.Editor.Tests.dll not valid. Loading of assembly skipped.
Assembly Unity.TextMeshPro.Editor.Tests.dll at Library/ScriptAssemblies/Unity.TextMeshPro.Editor.Tests.dll not valid. Loading of assembly skipped.
Assembly Unity.TextMeshPro.Tests.dll at Library/ScriptAssemblies/Unity.TextMeshPro.Tests.dll not valid. Loading of assembly skipped.
Assembly Unity.UnifiedRayTracing.Editor.Tests.dll at Library/ScriptAssemblies/Unity.UnifiedRayTracing.Editor.Tests.dll not valid. Loading of assembly skipped.
Assembly UnityEditor.UI.Common.Tests.dll at Library/ScriptAssemblies/UnityEditor.UI.Common.Tests.dll not valid. Loading of assembly skipped.
Assembly UnityEditor.UI.EditorTests.dll at Library/ScriptAssemblies/UnityEditor.UI.EditorTests.dll not valid. Loading of assembly skipped.
Assembly UnityEngine.UI.Tests.dll at Library/ScriptAssemblies/UnityEngine.UI.Tests.dll not valid. Loading of assembly skipped.
Native extension for WindowsStandalone target not found
[Package Manager] Failed to launch server process. Reason: Unity was launched with the -noUpm command-line argument
[Package Manager] Unable to send message (not connected to server process).
[Package Manager] Cannot connect to Unity Package Manager local server
[Package Manager] Failed to launch server process. Reason: Unity was launched with the -noUpm command-line argument
[Package Manager] Unable to send message (not connected to server process).
[Package Manager] Cannot connect to Unity Package Manager local server
ScheduleIndexationOnStartup MainProcess:False IndexOnStartup:True
Mono: successfully reloaded assembly
- Finished resetting the current domain, in  0.595 seconds
Domain Reload Profiling: 1311ms
	BeginReloadAssembly (186ms)
		DisableScriptedObjects (10ms)
		CreateAndSetChildDomain (37ms)
	RebuildCommonClasses (31ms)
	RebuildNativeTypeToScriptingClass (11ms)
	initialDomainReloadingComplete (62ms)
	LoadAllAssembliesAndSetupDomain (425ms)
		LoadAssemblies (313ms)
		AnalyzeDomain (198ms)
			TypeCache.Refresh (11ms)
			BuildScriptInfoCaches (172ms)
			ResolveRequiredComponents (13ms)
	FinalizeReload (595ms)
		SetupLoadedEditorAssemblies (0ms)
			BeforeProcessingInitializeOnLoad (122ms)
			ProcessInitializeOnLoadAttributes (271ms)
			ProcessInitializeOnLoadMethodAttributes (66ms)
			AfterProcessingInitializeOnLoad (5ms)
		AwakeInstancesAfterBackupRestoration (6ms)
WARNING: Shader Unsupported: 'Hidden/Universal Render Pipeline/Terrain/Lit (Base Pass)' - All subshaders removed
WARNING: Shader Did you use #pragma only_renderers and omit this platform?
WARNING: Shader If subshaders removal was intentional, you may have forgotten turning Fallback off?
WARNING: Shader Unsupported: 'Universal Render Pipeline/Terrain/Lit' - All subshaders removed
WARNING: Shader Did you use #pragma only_renderers and omit this platform?
WARNING: Shader If subshaders removal was intentional, you may have forgotten turning Fallback off?
Unloading 58 Unused Serialized files (Serialized files now loaded: 0)
Unloading 7460 unused Assets / (8.5 MB). Loaded Objects now: 8146.
Memory consumption went from 173.0 MB to 164.5 MB.
Total: 9.862900 ms (FindLiveObjects: 0.689600 ms CreateObjectMapping: 0.558800 ms MarkObjects: 4.598700 ms  DeleteObjects: 4.015000 ms)

Prepare: number of updated asset objects reloaded= 0
========================================================================
Received Import Request.
  Time since last request: 53.799335 seconds.
  path: Assets/Scripts/Core/CameraControler.cs
  importAddress: Guid(85e49116012211b4abbbc954b2f1b257) Importer(2089858483,b0f066a214c2f5e87bad3c948f4d605d)
Start importing Assets/Scripts/Core/CameraControler.cs using Guid(85e49116012211b4abbbc954b2f1b257) Importer(2089858483,b0f066a214c2f5e87bad3c948f4d605d) (ScriptedImporter) -> (Import Result ID: 'cbb025f6ca2342c2c7c670fce4f40d18') in 0.071665 seconds [static and dynamic dependencies]. Details - ImportResultOutputID=905e56a91f6636d8b0c33038e076e6fe DependenciesID=24feaebd6537daa38591a3205fe6fa3c StaticDependenciesID=60220b5b92fd5d3728ee09c3bfe3e468 
Number of updated asset objects reloaded before import = 0Number of asset objects unloaded after import = 0

========================================================================
Received Prepare
WARNING: Shader Unsupported: 'Hidden/Universal Render Pipeline/Terrain/Lit (Base Pass)' - All subshaders removed
WARNING: Shader Did you use #pragma only_renderers and omit this platform?
WARNING: Shader If subshaders removal was intentional, you may have forgotten turning Fallback off?
WARNING: Shader Unsupported: 'Universal Render Pipeline/Terrain/Lit' - All subshaders removed
WARNING: Shader Did you use #pragma only_renderers and omit this platform?
WARNING: Shader If subshaders removal was intentional, you may have forgotten turning Fallback off?
Unloading 58 Unused Serialized files (Serialized files now loaded: 0)
Unloading 7446 unused Assets / (8.1 MB). Loaded Objects now: 8147.
Memory consumption went from 162.9 MB to 154.8 MB.
Total: 10.399200 ms (FindLiveObjects: 0.914100 ms CreateObjectMapping: 0.693000 ms MarkObjects: 4.861600 ms  DeleteObjects: 3.929200 ms)

Prepare: number of updated asset objects reloaded= 0
========================================================================
Received Prepare
Begin MonoManager ReloadAssembly
[Licensing::Client] Successfully resolved entitlement details
Assembly Assembly-CSharp-Editor-firstpass.dll at Library/ScriptAssemblies/Assembly-CSharp-Editor-firstpass.dll not valid. Loading of assembly skipped.
Assembly Assembly-CSharp-Editor.dll at Library/ScriptAssemblies/Assembly-CSharp-Editor.dll not valid. Loading of assembly skipped.
Assembly Assembly-CSharp-firstpass.dll at Library/ScriptAssemblies/Assembly-CSharp-firstpass.dll not valid. Loading of assembly skipped.
Assembly Cinemachine.Editor.Tests.dll at Library/ScriptAssemblies/Cinemachine.Editor.Tests.dll not valid. Loading of assembly skipped.
Assembly Cinemachine.Runtime.Tests.dll at Library/ScriptAssemblies/Cinemachine.Runtime.Tests.dll not valid. Loading of assembly skipped.
Assembly DocCodeExamples.dll at Library/ScriptAssemblies/DocCodeExamples.dll not valid. Loading of assembly skipped.
Assembly TestNewCustomAssembly.dll at Library/ScriptAssemblies/TestNewCustomAssembly.dll not valid. Loading of assembly skipped.
Assembly Unity.2D.Animation.EditorTests.dll at Library/ScriptAssemblies/Unity.2D.Animation.EditorTests.dll not valid. Loading of assembly skipped.
Assembly Unity.2D.Aseprite.EditorTests.dll at Library/ScriptAssemblies/Unity.2D.Aseprite.EditorTests.dll not valid. Loading of assembly skipped.
Assembly Unity.2D.Common.EditorTests.dll at Library/ScriptAssemblies/Unity.2D.Common.EditorTests.dll not valid. Loading of assembly skipped.
Assembly Unity.2D.Psdimporter.EditorTests.dll at Library/ScriptAssemblies/Unity.2D.Psdimporter.EditorTests.dll not valid. Loading of assembly skipped.
Assembly Unity.2D.Sprite.Package.EditorTests.dll at Library/ScriptAssemblies/Unity.2D.Sprite.Package.EditorTests.dll not valid. Loading of assembly skipped.
Assembly Unity.2D.SpriteShape.EditorTests.dll at Library/ScriptAssemblies/Unity.2D.SpriteShape.EditorTests.dll not valid. Loading of assembly skipped.
Assembly Unity.2D.Tilemap.Package.EditorTests.dll at Library/ScriptAssemblies/Unity.2D.Tilemap.Package.EditorTests.dll not valid. Loading of assembly skipped.
Assembly Unity.Collections.BurstCompatibilityGen.dll at Library/ScriptAssemblies/Unity.Collections.BurstCompatibilityGen.dll not valid. Loading of assembly skipped.
Assembly Unity.Collections.DocCodeSamples.dll at Library/ScriptAssemblies/Unity.Collections.DocCodeSamples.dll not valid. Loading of assembly skipped.
Assembly Unity.Collections.PerformanceTests.dll at Library/ScriptAssemblies/Unity.Collections.PerformanceTests.dll not valid. Loading of assembly skipped.
Assembly Unity.Collections.Tests.dll at Library/ScriptAssemblies/Unity.Collections.Tests.dll not valid. Loading of assembly skipped.
Assembly Unity.Collections.Tests.Playmode.dll at Library/ScriptAssemblies/Unity.Collections.Tests.Playmode.dll not valid. Loading of assembly skipped.
Assembly Unity.InputSystem.IntegrationTests.dll at Library/ScriptAssemblies/Unity.InputSystem.IntegrationTests.dll not valid. Loading of assembly skipped.
Assembly Unity.Mathematics.Tests.dll at Library/ScriptAssemblies/Unity.Mathematics.Tests.dll not valid. Loading of assembly skipped.
Assembly Unity.Multiplayer.Center.Editor.Tests.dll at Library/ScriptAssemblies/Unity.Multiplayer.Center.Editor.Tests.dll not valid. Loading of assembly skipped.
Assembly Unity.Multiplayer.Center.Tests.dll at Library/ScriptAssemblies/Unity.Multiplayer.Center.Tests.dll not valid. Loading of assembly skipped.
Assembly Unity.Nuget.Mono-Cecil.dll at Library/ScriptAssemblies/Unity.Nuget.Mono-Cecil.dll not valid. Loading of assembly skipped.
Assembly Unity.PathTracing.Editor.Tests.dll at Library/ScriptAssemblies/Unity.PathTracing.Editor.Tests.dll not valid. Loading of assembly skipped.
Assembly Unity.PathTracing.Runtime.Tests.dll at Library/ScriptAssemblies/Unity.PathTracing.Runtime.Tests.dll not valid. Loading of assembly skipped.
Assembly Unity.RenderPipelines.Core.Editor.Tests.dll at Library/ScriptAssemblies/Unity.RenderPipelines.Core.Editor.Tests.dll not valid. Loading of assembly skipped.
Assembly Unity.RenderPipelines.Core.Runtime.Tests.dll at Library/ScriptAssemblies/Unity.RenderPipelines.Core.Runtime.Tests.dll not valid. Loading of assembly skipped.
Assembly Unity.RenderPipelines.Universal.Config.Editor.Tests.dll at Library/ScriptAssemblies/Unity.RenderPipelines.Universal.Config.Editor.Tests.dll not valid. Loading of assembly skipped.
Assembly Unity.RenderPipelines.Universal.Editor.Tests.dll at Library/ScriptAssemblies/Unity.RenderPipelines.Universal.Editor.Tests.dll not valid. Loading of assembly skipped.
Assembly Unity.RenderPipelines.Universal.Runtime.Tests.dll at Library/ScriptAssemblies/Unity.RenderPipelines.Universal.Runtime.Tests.dll not valid. Loading of assembly skipped.
Assembly Unity.Searcher.EditorTests.dll at Library/ScriptAssemblies/Unity.Searcher.EditorTests.dll not valid. Loading of assembly skipped.
Assembly Unity.ShaderGraph.Editor.Tests.dll at Library/ScriptAssemblies/Unity.ShaderGraph.Editor.Tests.dll not valid. Loading of assembly skipped.
Assembly Unity.TextMeshPro.Editor.Tests.dll at Library/ScriptAssemblies/Unity.TextMeshPro.Editor.Tests.dll not valid. Loading of assembly skipped.
Assembly Unity.TextMeshPro.Tests.dll at Library/ScriptAssemblies/Unity.TextMeshPro.Tests.dll not valid. Loading of assembly skipped.
Assembly Unity.UnifiedRayTracing.Editor.Tests.dll at Library/ScriptAssemblies/Unity.UnifiedRayTracing.Editor.Tests.dll not valid. Loading of assembly skipped.
Assembly UnityEditor.UI.Common.Tests.dll at Library/ScriptAssemblies/UnityEditor.UI.Common.Tests.dll not valid. Loading of assembly skipped.
Assembly UnityEditor.UI.EditorTests.dll at Library/ScriptAssemblies/UnityEditor.UI.EditorTests.dll not valid. Loading of assembly skipped.
Assembly UnityEngine.UI.Tests.dll at Library/ScriptAssemblies/UnityEngine.UI.Tests.dll not valid. Loading of assembly skipped.
Native extension for WindowsStandalone target not found
[Package Manager] Failed to launch server process. Reason: Unity was launched with the -noUpm command-line argument
[Package Manager] Unable to send message (not connected to server process).
[Package Manager] Cannot connect to Unity Package Manager local server
[Package Manager] Failed to launch server process. Reason: Unity was launched with the -noUpm command-line argument
[Package Manager] Unable to send message (not connected to server process).
[Package Manager] Cannot connect to Unity Package Manager local server
ScheduleIndexationOnStartup MainProcess:False IndexOnStartup:True
Mono: successfully reloaded assembly
- Finished resetting the current domain, in  0.676 seconds
Domain Reload Profiling: 1474ms
	BeginReloadAssembly (205ms)
		DisableScriptedObjects (14ms)
		CreateAndSetChildDomain (51ms)
	RebuildCommonClasses (33ms)
	RebuildNativeTypeToScriptingClass (14ms)
	initialDomainReloadingComplete (64ms)
	LoadAllAssembliesAndSetupDomain (481ms)
		LoadAssemblies (339ms)
		AnalyzeDomain (227ms)
			TypeCache.Refresh (13ms)
			BuildScriptInfoCaches (200ms)
			ResolveRequiredComponents (11ms)
	FinalizeReload (676ms)
		SetupLoadedEditorAssemblies (0ms)
			BeforeProcessingInitializeOnLoad (135ms)
			ProcessInitializeOnLoadAttributes (296ms)
			ProcessInitializeOnLoadMethodAttributes (78ms)
			AfterProcessingInitializeOnLoad (4ms)
		AwakeInstancesAfterBackupRestoration (6ms)
WARNING: Shader Unsupported: 'Hidden/Universal Render Pipeline/Terrain/Lit (Base Pass)' - All subshaders removed
WARNING: Shader Did you use #pragma only_renderers and omit this platform?
WARNING: Shader If subshaders removal was intentional, you may have forgotten turning Fallback off?
WARNING: Shader Unsupported: 'Universal Render Pipeline/Terrain/Lit' - All subshaders removed
WARNING: Shader Did you use #pragma only_renderers and omit this platform?
WARNING: Shader If subshaders removal was intentional, you may have forgotten turning Fallback off?
Unloading 58 Unused Serialized files (Serialized files now loaded: 0)
Unloading 7461 unused Assets / (8.5 MB). Loaded Objects now: 8150.
Memory consumption went from 165.3 MB to 156.8 MB.
Total: 12.226500 ms (FindLiveObjects: 1.399400 ms CreateObjectMapping: 0.651200 ms MarkObjects: 5.045000 ms  DeleteObjects: 5.129000 ms)

Prepare: number of updated asset objects reloaded= 0
========================================================================
Received Import Request.
  Time since last request: 237.138201 seconds.
  path: Assets/Levels/Level1.unity
  importAddress: Guid(8c9cfa26abfee488c85f1582747f6a02) Importer(2089858483,b0f066a214c2f5e87bad3c948f4d605d)
Start importing Assets/Levels/Level1.unity using Guid(8c9cfa26abfee488c85f1582747f6a02) Importer(2089858483,b0f066a214c2f5e87bad3c948f4d605d) (ScriptedImporter) -> (Import Result ID: '7380d1df05eddb1408e8433866f6cc71') in 0.0584923 seconds [static and dynamic dependencies]. Details - ImportResultOutputID=fbcd0f0c23c0a5dc8dcb04bd57fcf6e6 DependenciesID=a3dbfd7b91efd53c784cdc1033b7e318 StaticDependenciesID=a30216f2808ff68fac561e646c1997f7 
Number of updated asset objects reloaded before import = 0Number of asset objects unloaded after import = 1

========================================================================
Received Prepare
Begin MonoManager ReloadAssembly
[Licensing::Client] Successfully resolved entitlement details
Assembly Assembly-CSharp-Editor-firstpass.dll at Library/ScriptAssemblies/Assembly-CSharp-Editor-firstpass.dll not valid. Loading of assembly skipped.
Assembly Assembly-CSharp-Editor.dll at Library/ScriptAssemblies/Assembly-CSharp-Editor.dll not valid. Loading of assembly skipped.
Assembly Assembly-CSharp-firstpass.dll at Library/ScriptAssemblies/Assembly-CSharp-firstpass.dll not valid. Loading of assembly skipped.
Assembly Cinemachine.Editor.Tests.dll at Library/ScriptAssemblies/Cinemachine.Editor.Tests.dll not valid. Loading of assembly skipped.
Assembly Cinemachine.Runtime.Tests.dll at Library/ScriptAssemblies/Cinemachine.Runtime.Tests.dll not valid. Loading of assembly skipped.
Assembly DocCodeExamples.dll at Library/ScriptAssemblies/DocCodeExamples.dll not valid. Loading of assembly skipped.
Assembly TestNewCustomAssembly.dll at Library/ScriptAssemblies/TestNewCustomAssembly.dll not valid. Loading of assembly skipped.
Assembly Unity.2D.Animation.EditorTests.dll at Library/ScriptAssemblies/Unity.2D.Animation.EditorTests.dll not valid. Loading of assembly skipped.
Assembly Unity.2D.Aseprite.EditorTests.dll at Library/ScriptAssemblies/Unity.2D.Aseprite.EditorTests.dll not valid. Loading of assembly skipped.
Assembly Unity.2D.Common.EditorTests.dll at Library/ScriptAssemblies/Unity.2D.Common.EditorTests.dll not valid. Loading of assembly skipped.
Assembly Unity.2D.Psdimporter.EditorTests.dll at Library/ScriptAssemblies/Unity.2D.Psdimporter.EditorTests.dll not valid. Loading of assembly skipped.
Assembly Unity.2D.Sprite.Package.EditorTests.dll at Library/ScriptAssemblies/Unity.2D.Sprite.Package.EditorTests.dll not valid. Loading of assembly skipped.
Assembly Unity.2D.SpriteShape.EditorTests.dll at Library/ScriptAssemblies/Unity.2D.SpriteShape.EditorTests.dll not valid. Loading of assembly skipped.
Assembly Unity.2D.Tilemap.Package.EditorTests.dll at Library/ScriptAssemblies/Unity.2D.Tilemap.Package.EditorTests.dll not valid. Loading of assembly skipped.
Assembly Unity.Collections.BurstCompatibilityGen.dll at Library/ScriptAssemblies/Unity.Collections.BurstCompatibilityGen.dll not valid. Loading of assembly skipped.
Assembly Unity.Collections.DocCodeSamples.dll at Library/ScriptAssemblies/Unity.Collections.DocCodeSamples.dll not valid. Loading of assembly skipped.
Assembly Unity.Collections.PerformanceTests.dll at Library/ScriptAssemblies/Unity.Collections.PerformanceTests.dll not valid. Loading of assembly skipped.
Assembly Unity.Collections.Tests.dll at Library/ScriptAssemblies/Unity.Collections.Tests.dll not valid. Loading of assembly skipped.
Assembly Unity.Collections.Tests.Playmode.dll at Library/ScriptAssemblies/Unity.Collections.Tests.Playmode.dll not valid. Loading of assembly skipped.
Assembly Unity.InputSystem.IntegrationTests.dll at Library/ScriptAssemblies/Unity.InputSystem.IntegrationTests.dll not valid. Loading of assembly skipped.
Assembly Unity.Mathematics.Tests.dll at Library/ScriptAssemblies/Unity.Mathematics.Tests.dll not valid. Loading of assembly skipped.
Assembly Unity.Multiplayer.Center.Editor.Tests.dll at Library/ScriptAssemblies/Unity.Multiplayer.Center.Editor.Tests.dll not valid. Loading of assembly skipped.
Assembly Unity.Multiplayer.Center.Tests.dll at Library/ScriptAssemblies/Unity.Multiplayer.Center.Tests.dll not valid. Loading of assembly skipped.
Assembly Unity.Nuget.Mono-Cecil.dll at Library/ScriptAssemblies/Unity.Nuget.Mono-Cecil.dll not valid. Loading of assembly skipped.
Assembly Unity.PathTracing.Editor.Tests.dll at Library/ScriptAssemblies/Unity.PathTracing.Editor.Tests.dll not valid. Loading of assembly skipped.
Assembly Unity.PathTracing.Runtime.Tests.dll at Library/ScriptAssemblies/Unity.PathTracing.Runtime.Tests.dll not valid. Loading of assembly skipped.
Assembly Unity.RenderPipelines.Core.Editor.Tests.dll at Library/ScriptAssemblies/Unity.RenderPipelines.Core.Editor.Tests.dll not valid. Loading of assembly skipped.
Assembly Unity.RenderPipelines.Core.Runtime.Tests.dll at Library/ScriptAssemblies/Unity.RenderPipelines.Core.Runtime.Tests.dll not valid. Loading of assembly skipped.
Assembly Unity.RenderPipelines.Universal.Config.Editor.Tests.dll at Library/ScriptAssemblies/Unity.RenderPipelines.Universal.Config.Editor.Tests.dll not valid. Loading of assembly skipped.
Assembly Unity.RenderPipelines.Universal.Editor.Tests.dll at Library/ScriptAssemblies/Unity.RenderPipelines.Universal.Editor.Tests.dll not valid. Loading of assembly skipped.
Assembly Unity.RenderPipelines.Universal.Runtime.Tests.dll at Library/ScriptAssemblies/Unity.RenderPipelines.Universal.Runtime.Tests.dll not valid. Loading of assembly skipped.
Assembly Unity.Searcher.EditorTests.dll at Library/ScriptAssemblies/Unity.Searcher.EditorTests.dll not valid. Loading of assembly skipped.
Assembly Unity.ShaderGraph.Editor.Tests.dll at Library/ScriptAssemblies/Unity.ShaderGraph.Editor.Tests.dll not valid. Loading of assembly skipped.
Assembly Unity.TextMeshPro.Editor.Tests.dll at Library/ScriptAssemblies/Unity.TextMeshPro.Editor.Tests.dll not valid. Loading of assembly skipped.
Assembly Unity.TextMeshPro.Tests.dll at Library/ScriptAssemblies/Unity.TextMeshPro.Tests.dll not valid. Loading of assembly skipped.
Assembly Unity.UnifiedRayTracing.Editor.Tests.dll at Library/ScriptAssemblies/Unity.UnifiedRayTracing.Editor.Tests.dll not valid. Loading of assembly skipped.
Assembly UnityEditor.UI.Common.Tests.dll at Library/ScriptAssemblies/UnityEditor.UI.Common.Tests.dll not valid. Loading of assembly skipped.
Assembly UnityEditor.UI.EditorTests.dll at Library/ScriptAssemblies/UnityEditor.UI.EditorTests.dll not valid. Loading of assembly skipped.
Assembly UnityEngine.UI.Tests.dll at Library/ScriptAssemblies/UnityEngine.UI.Tests.dll not valid. Loading of assembly skipped.
Native extension for WindowsStandalone target not found
[Package Manager] Failed to launch server process. Reason: Unity was launched with the -noUpm command-line argument
[Package Manager] Unable to send message (not connected to server process).
[Package Manager] Cannot connect to Unity Package Manager local server
[Package Manager] Failed to launch server process. Reason: Unity was launched with the -noUpm command-line argument
[Package Manager] Unable to send message (not connected to server process).
[Package Manager] Cannot connect to Unity Package Manager local server
ScheduleIndexationOnStartup MainProcess:False IndexOnStartup:True
Mono: successfully reloaded assembly
- Finished resetting the current domain, in  0.707 seconds
Domain Reload Profiling: 1475ms
	BeginReloadAssembly (201ms)
		DisableScriptedObjects (12ms)
		CreateAndSetChildDomain (47ms)
	RebuildCommonClasses (33ms)
	RebuildNativeTypeToScriptingClass (12ms)
	initialDomainReloadingComplete (66ms)
	LoadAllAssembliesAndSetupDomain (456ms)
		LoadAssemblies (325ms)
		AnalyzeDomain (212ms)
			TypeCache.Refresh (14ms)
			BuildScriptInfoCaches (186ms)
			ResolveRequiredComponents (10ms)
	FinalizeReload (707ms)
		SetupLoadedEditorAssemblies (0ms)
			BeforeProcessingInitializeOnLoad (141ms)
			ProcessInitializeOnLoadAttributes (309ms)
			ProcessInitializeOnLoadMethodAttributes (83ms)
			AfterProcessingInitializeOnLoad (5ms)
		AwakeInstancesAfterBackupRestoration (7ms)
WARNING: Shader Unsupported: 'Hidden/Universal Render Pipeline/Terrain/Lit (Base Pass)' - All subshaders removed
WARNING: Shader Did you use #pragma only_renderers and omit this platform?
WARNING: Shader If subshaders removal was intentional, you may have forgotten turning Fallback off?
WARNING: Shader Unsupported: 'Universal Render Pipeline/Terrain/Lit' - All subshaders removed
WARNING: Shader Did you use #pragma only_renderers and omit this platform?
WARNING: Shader If subshaders removal was intentional, you may have forgotten turning Fallback off?
Unloading 58 Unused Serialized files (Serialized files now loaded: 0)
Unloading 7461 unused Assets / (8.7 MB). Loaded Objects now: 8153.
Memory consumption went from 162.7 MB to 154.0 MB.
Total: 12.285000 ms (FindLiveObjects: 0.817300 ms CreateObjectMapping: 0.607900 ms MarkObjects: 4.882600 ms  DeleteObjects: 5.974900 ms)

Prepare: number of updated asset objects reloaded= 0
========================================================================
Received Prepare
Begin MonoManager ReloadAssembly
[Licensing::Client] Successfully resolved entitlement details
Assembly Assembly-CSharp-Editor-firstpass.dll at Library/ScriptAssemblies/Assembly-CSharp-Editor-firstpass.dll not valid. Loading of assembly skipped.
Assembly Assembly-CSharp-Editor.dll at Library/ScriptAssemblies/Assembly-CSharp-Editor.dll not valid. Loading of assembly skipped.
Assembly Assembly-CSharp-firstpass.dll at Library/ScriptAssemblies/Assembly-CSharp-firstpass.dll not valid. Loading of assembly skipped.
Assembly Cinemachine.Editor.Tests.dll at Library/ScriptAssemblies/Cinemachine.Editor.Tests.dll not valid. Loading of assembly skipped.
Assembly Cinemachine.Runtime.Tests.dll at Library/ScriptAssemblies/Cinemachine.Runtime.Tests.dll not valid. Loading of assembly skipped.
Assembly DocCodeExamples.dll at Library/ScriptAssemblies/DocCodeExamples.dll not valid. Loading of assembly skipped.
Assembly TestNewCustomAssembly.dll at Library/ScriptAssemblies/TestNewCustomAssembly.dll not valid. Loading of assembly skipped.
Assembly Unity.2D.Animation.EditorTests.dll at Library/ScriptAssemblies/Unity.2D.Animation.EditorTests.dll not valid. Loading of assembly skipped.
Assembly Unity.2D.Aseprite.EditorTests.dll at Library/ScriptAssemblies/Unity.2D.Aseprite.EditorTests.dll not valid. Loading of assembly skipped.
Assembly Unity.2D.Common.EditorTests.dll at Library/ScriptAssemblies/Unity.2D.Common.EditorTests.dll not valid. Loading of assembly skipped.
Assembly Unity.2D.Psdimporter.EditorTests.dll at Library/ScriptAssemblies/Unity.2D.Psdimporter.EditorTests.dll not valid. Loading of assembly skipped.
Assembly Unity.2D.Sprite.Package.EditorTests.dll at Library/ScriptAssemblies/Unity.2D.Sprite.Package.EditorTests.dll not valid. Loading of assembly skipped.
Assembly Unity.2D.SpriteShape.EditorTests.dll at Library/ScriptAssemblies/Unity.2D.SpriteShape.EditorTests.dll not valid. Loading of assembly skipped.
Assembly Unity.2D.Tilemap.Package.EditorTests.dll at Library/ScriptAssemblies/Unity.2D.Tilemap.Package.EditorTests.dll not valid. Loading of assembly skipped.
Assembly Unity.Collections.BurstCompatibilityGen.dll at Library/ScriptAssemblies/Unity.Collections.BurstCompatibilityGen.dll not valid. Loading of assembly skipped.
Assembly Unity.Collections.DocCodeSamples.dll at Library/ScriptAssemblies/Unity.Collections.DocCodeSamples.dll not valid. Loading of assembly skipped.
Assembly Unity.Collections.PerformanceTests.dll at Library/ScriptAssemblies/Unity.Collections.PerformanceTests.dll not valid. Loading of assembly skipped.
Assembly Unity.Collections.Tests.dll at Library/ScriptAssemblies/Unity.Collections.Tests.dll not valid. Loading of assembly skipped.
Assembly Unity.Collections.Tests.Playmode.dll at Library/ScriptAssemblies/Unity.Collections.Tests.Playmode.dll not valid. Loading of assembly skipped.
Assembly Unity.InputSystem.IntegrationTests.dll at Library/ScriptAssemblies/Unity.InputSystem.IntegrationTests.dll not valid. Loading of assembly skipped.
Assembly Unity.Mathematics.Tests.dll at Library/ScriptAssemblies/Unity.Mathematics.Tests.dll not valid. Loading of assembly skipped.
Assembly Unity.Multiplayer.Center.Editor.Tests.dll at Library/ScriptAssemblies/Unity.Multiplayer.Center.Editor.Tests.dll not valid. Loading of assembly skipped.
Assembly Unity.Multiplayer.Center.Tests.dll at Library/ScriptAssemblies/Unity.Multiplayer.Center.Tests.dll not valid. Loading of assembly skipped.
Assembly Unity.Nuget.Mono-Cecil.dll at Library/ScriptAssemblies/Unity.Nuget.Mono-Cecil.dll not valid. Loading of assembly skipped.
Assembly Unity.PathTracing.Editor.Tests.dll at Library/ScriptAssemblies/Unity.PathTracing.Editor.Tests.dll not valid. Loading of assembly skipped.
Assembly Unity.PathTracing.Runtime.Tests.dll at Library/ScriptAssemblies/Unity.PathTracing.Runtime.Tests.dll not valid. Loading of assembly skipped.
Assembly Unity.RenderPipelines.Core.Editor.Tests.dll at Library/ScriptAssemblies/Unity.RenderPipelines.Core.Editor.Tests.dll not valid. Loading of assembly skipped.
Assembly Unity.RenderPipelines.Core.Runtime.Tests.dll at Library/ScriptAssemblies/Unity.RenderPipelines.Core.Runtime.Tests.dll not valid. Loading of assembly skipped.
Assembly Unity.RenderPipelines.Universal.Config.Editor.Tests.dll at Library/ScriptAssemblies/Unity.RenderPipelines.Universal.Config.Editor.Tests.dll not valid. Loading of assembly skipped.
Assembly Unity.RenderPipelines.Universal.Editor.Tests.dll at Library/ScriptAssemblies/Unity.RenderPipelines.Universal.Editor.Tests.dll not valid. Loading of assembly skipped.
Assembly Unity.RenderPipelines.Universal.Runtime.Tests.dll at Library/ScriptAssemblies/Unity.RenderPipelines.Universal.Runtime.Tests.dll not valid. Loading of assembly skipped.
Assembly Unity.Searcher.EditorTests.dll at Library/ScriptAssemblies/Unity.Searcher.EditorTests.dll not valid. Loading of assembly skipped.
Assembly Unity.ShaderGraph.Editor.Tests.dll at Library/ScriptAssemblies/Unity.ShaderGraph.Editor.Tests.dll not valid. Loading of assembly skipped.
Assembly Unity.TextMeshPro.Editor.Tests.dll at Library/ScriptAssemblies/Unity.TextMeshPro.Editor.Tests.dll not valid. Loading of assembly skipped.
Assembly Unity.TextMeshPro.Tests.dll at Library/ScriptAssemblies/Unity.TextMeshPro.Tests.dll not valid. Loading of assembly skipped.
Assembly Unity.UnifiedRayTracing.Editor.Tests.dll at Library/ScriptAssemblies/Unity.UnifiedRayTracing.Editor.Tests.dll not valid. Loading of assembly skipped.
Assembly UnityEditor.UI.Common.Tests.dll at Library/ScriptAssemblies/UnityEditor.UI.Common.Tests.dll not valid. Loading of assembly skipped.
Assembly UnityEditor.UI.EditorTests.dll at Library/ScriptAssemblies/UnityEditor.UI.EditorTests.dll not valid. Loading of assembly skipped.
Assembly UnityEngine.UI.Tests.dll at Library/ScriptAssemblies/UnityEngine.UI.Tests.dll not valid. Loading of assembly skipped.
Native extension for WindowsStandalone target not found
[Package Manager] Failed to launch server process. Reason: Unity was launched with the -noUpm command-line argument
[Package Manager] Unable to send message (not connected to server process).
[Package Manager] Cannot connect to Unity Package Manager local server
[Package Manager] Failed to launch server process. Reason: Unity was launched with the -noUpm command-line argument
[Package Manager] Unable to send message (not connected to server process).
[Package Manager] Cannot connect to Unity Package Manager local server
ScheduleIndexationOnStartup MainProcess:False IndexOnStartup:True
Mono: successfully reloaded assembly
- Finished resetting the current domain, in  0.768 seconds
Domain Reload Profiling: 1490ms
	BeginReloadAssembly (191ms)
		DisableScriptedObjects (11ms)
		CreateAndSetChildDomain (41ms)
	RebuildCommonClasses (32ms)
	RebuildNativeTypeToScriptingClass (10ms)
	initialDomainReloadingComplete (68ms)
	LoadAllAssembliesAndSetupDomain (420ms)
		LoadAssemblies (327ms)
		AnalyzeDomain (181ms)
			TypeCache.Refresh (10ms)
			BuildScriptInfoCaches (160ms)
			ResolveRequiredComponents (9ms)
	FinalizeReload (769ms)
		SetupLoadedEditorAssemblies (0ms)
			BeforeProcessingInitializeOnLoad (142ms)
			ProcessInitializeOnLoadAttributes (331ms)
			ProcessInitializeOnLoadMethodAttributes (119ms)
			AfterProcessingInitializeOnLoad (8ms)
		AwakeInstancesAfterBackupRestoration (10ms)
WARNING: Shader Unsupported: 'Hidden/Universal Render Pipeline/Terrain/Lit (Base Pass)' - All subshaders removed
WARNING: Shader Did you use #pragma only_renderers and omit this platform?
WARNING: Shader If subshaders removal was intentional, you may have forgotten turning Fallback off?
WARNING: Shader Unsupported: 'Universal Render Pipeline/Terrain/Lit' - All subshaders removed
WARNING: Shader Did you use #pragma only_renderers and omit this platform?
WARNING: Shader If subshaders removal was intentional, you may have forgotten turning Fallback off?
Refreshing native plugins compatible for Editor in 2.32 ms, found 5 plugins.
Unloading 58 Unused Serialized files (Serialized files now loaded: 0)
Unloading 7461 unused Assets / (8.7 MB). Loaded Objects now: 8156.
Memory consumption went from 165.3 MB to 156.6 MB.
Total: 18.787700 ms (FindLiveObjects: 1.805200 ms CreateObjectMapping: 1.135000 ms MarkObjects: 8.401300 ms  DeleteObjects: 7.443400 ms)

Prepare: number of updated asset objects reloaded= 0
========================================================================
Received Prepare
Begin MonoManager ReloadAssembly
Assembly Assembly-CSharp-Editor-firstpass.dll at Library/ScriptAssemblies/Assembly-CSharp-Editor-firstpass.dll not valid. Loading of assembly skipped.
Assembly Assembly-CSharp-Editor.dll at Library/ScriptAssemblies/Assembly-CSharp-Editor.dll not valid. Loading of assembly skipped.
Assembly Assembly-CSharp-firstpass.dll at Library/ScriptAssemblies/Assembly-CSharp-firstpass.dll not valid. Loading of assembly skipped.
Assembly Cinemachine.Editor.Tests.dll at Library/ScriptAssemblies/Cinemachine.Editor.Tests.dll not valid. Loading of assembly skipped.
Assembly Cinemachine.Runtime.Tests.dll at Library/ScriptAssemblies/Cinemachine.Runtime.Tests.dll not valid. Loading of assembly skipped.
Assembly DocCodeExamples.dll at Library/ScriptAssemblies/DocCodeExamples.dll not valid. Loading of assembly skipped.
Assembly TestNewCustomAssembly.dll at Library/ScriptAssemblies/TestNewCustomAssembly.dll not valid. Loading of assembly skipped.
Assembly Unity.2D.Animation.EditorTests.dll at Library/ScriptAssemblies/Unity.2D.Animation.EditorTests.dll not valid. Loading of assembly skipped.
Assembly Unity.2D.Aseprite.EditorTests.dll at Library/ScriptAssemblies/Unity.2D.Aseprite.EditorTests.dll not valid. Loading of assembly skipped.
Assembly Unity.2D.Common.EditorTests.dll at Library/ScriptAssemblies/Unity.2D.Common.EditorTests.dll not valid. Loading of assembly skipped.
Assembly Unity.2D.Psdimporter.EditorTests.dll at Library/ScriptAssemblies/Unity.2D.Psdimporter.EditorTests.dll not valid. Loading of assembly skipped.
Assembly Unity.2D.Sprite.Package.EditorTests.dll at Library/ScriptAssemblies/Unity.2D.Sprite.Package.EditorTests.dll not valid. Loading of assembly skipped.
Assembly Unity.2D.SpriteShape.EditorTests.dll at Library/ScriptAssemblies/Unity.2D.SpriteShape.EditorTests.dll not valid. Loading of assembly skipped.
Assembly Unity.2D.Tilemap.Package.EditorTests.dll at Library/ScriptAssemblies/Unity.2D.Tilemap.Package.EditorTests.dll not valid. Loading of assembly skipped.
Assembly Unity.Collections.BurstCompatibilityGen.dll at Library/ScriptAssemblies/Unity.Collections.BurstCompatibilityGen.dll not valid. Loading of assembly skipped.
Assembly Unity.Collections.DocCodeSamples.dll at Library/ScriptAssemblies/Unity.Collections.DocCodeSamples.dll not valid. Loading of assembly skipped.
Assembly Unity.Collections.PerformanceTests.dll at Library/ScriptAssemblies/Unity.Collections.PerformanceTests.dll not valid. Loading of assembly skipped.
Assembly Unity.Collections.Tests.dll at Library/ScriptAssemblies/Unity.Collections.Tests.dll not valid. Loading of assembly skipped.
Assembly Unity.Collections.Tests.Playmode.dll at Library/ScriptAssemblies/Unity.Collections.Tests.Playmode.dll not valid. Loading of assembly skipped.
Assembly Unity.InputSystem.IntegrationTests.dll at Library/ScriptAssemblies/Unity.InputSystem.IntegrationTests.dll not valid. Loading of assembly skipped.
Assembly Unity.Mathematics.Tests.dll at Library/ScriptAssemblies/Unity.Mathematics.Tests.dll not valid. Loading of assembly skipped.
Assembly Unity.Multiplayer.Center.Editor.Tests.dll at Library/ScriptAssemblies/Unity.Multiplayer.Center.Editor.Tests.dll not valid. Loading of assembly skipped.
Assembly Unity.Multiplayer.Center.Tests.dll at Library/ScriptAssemblies/Unity.Multiplayer.Center.Tests.dll not valid. Loading of assembly skipped.
Assembly Unity.Nuget.Mono-Cecil.dll at Library/ScriptAssemblies/Unity.Nuget.Mono-Cecil.dll not valid. Loading of assembly skipped.
Assembly Unity.PathTracing.Editor.Tests.dll at Library/ScriptAssemblies/Unity.PathTracing.Editor.Tests.dll not valid. Loading of assembly skipped.
Assembly Unity.PathTracing.Runtime.Tests.dll at Library/ScriptAssemblies/Unity.PathTracing.Runtime.Tests.dll not valid. Loading of assembly skipped.
Assembly Unity.RenderPipelines.Core.Editor.Tests.dll at Library/ScriptAssemblies/Unity.RenderPipelines.Core.Editor.Tests.dll not valid. Loading of assembly skipped.
Assembly Unity.RenderPipelines.Core.Runtime.Tests.dll at Library/ScriptAssemblies/Unity.RenderPipelines.Core.Runtime.Tests.dll not valid. Loading of assembly skipped.
Assembly Unity.RenderPipelines.Universal.Config.Editor.Tests.dll at Library/ScriptAssemblies/Unity.RenderPipelines.Universal.Config.Editor.Tests.dll not valid. Loading of assembly skipped.
Assembly Unity.RenderPipelines.Universal.Editor.Tests.dll at Library/ScriptAssemblies/Unity.RenderPipelines.Universal.Editor.Tests.dll not valid. Loading of assembly skipped.
Assembly Unity.RenderPipelines.Universal.Runtime.Tests.dll at Library/ScriptAssemblies/Unity.RenderPipelines.Universal.Runtime.Tests.dll not valid. Loading of assembly skipped.
Assembly Unity.Searcher.EditorTests.dll at Library/ScriptAssemblies/Unity.Searcher.EditorTests.dll not valid. Loading of assembly skipped.
Assembly Unity.ShaderGraph.Editor.Tests.dll at Library/ScriptAssemblies/Unity.ShaderGraph.Editor.Tests.dll not valid. Loading of assembly skipped.
Assembly Unity.TextMeshPro.Editor.Tests.dll at Library/ScriptAssemblies/Unity.TextMeshPro.Editor.Tests.dll not valid. Loading of assembly skipped.
Assembly Unity.TextMeshPro.Tests.dll at Library/ScriptAssemblies/Unity.TextMeshPro.Tests.dll not valid. Loading of assembly skipped.
Assembly Unity.UnifiedRayTracing.Editor.Tests.dll at Library/ScriptAssemblies/Unity.UnifiedRayTracing.Editor.Tests.dll not valid. Loading of assembly skipped.
Assembly UnityEditor.UI.Common.Tests.dll at Library/ScriptAssemblies/UnityEditor.UI.Common.Tests.dll not valid. Loading of assembly skipped.
Assembly UnityEditor.UI.EditorTests.dll at Library/ScriptAssemblies/UnityEditor.UI.EditorTests.dll not valid. Loading of assembly skipped.
Assembly UnityEngine.UI.Tests.dll at Library/ScriptAssemblies/UnityEngine.UI.Tests.dll not valid. Loading of assembly skipped.
Native extension for WindowsStandalone target not found
[Package Manager] Failed to launch server process. Reason: Unity was launched with the -noUpm command-line argument
[Package Manager] Unable to send message (not connected to server process).
[Package Manager] Cannot connect to Unity Package Manager local server
[Package Manager] Failed to launch server process. Reason: Unity was launched with the -noUpm command-line argument
[Package Manager] Unable to send message (not connected to server process).
[Package Manager] Cannot connect to Unity Package Manager local server
ScheduleIndexationOnStartup MainProcess:False IndexOnStartup:True
Mono: successfully reloaded assembly
- Finished resetting the current domain, in  0.979 seconds
Domain Reload Profiling: 1740ms
	BeginReloadAssembly (195ms)
		DisableScriptedObjects (10ms)
		CreateAndSetChildDomain (45ms)
	RebuildCommonClasses (33ms)
	RebuildNativeTypeToScriptingClass (10ms)
	initialDomainReloadingComplete (64ms)
	LoadAllAssembliesAndSetupDomain (457ms)
		LoadAssemblies (313ms)
		AnalyzeDomain (222ms)
			TypeCache.Refresh (8ms)
			BuildScriptInfoCaches (201ms)
			ResolveRequiredComponents (11ms)
	FinalizeReload (980ms)
		SetupLoadedEditorAssemblies (0ms)
			InitializePlatformSupportModulesInManaged (3ms)
			BeforeProcessingInitializeOnLoad (188ms)
			ProcessInitializeOnLoadAttributes (435ms)
			ProcessInitializeOnLoadMethodAttributes (112ms)
			AfterProcessingInitializeOnLoad (7ms)
		AwakeInstancesAfterBackupRestoration (10ms)
WARNING: Shader Unsupported: 'Hidden/Universal Render Pipeline/Terrain/Lit (Base Pass)' - All subshaders removed
WARNING: Shader Did you use #pragma only_renderers and omit this platform?
WARNING: Shader If subshaders removal was intentional, you may have forgotten turning Fallback off?
WARNING: Shader Unsupported: 'Universal Render Pipeline/Terrain/Lit' - All subshaders removed
WARNING: Shader Did you use #pragma only_renderers and omit this platform?
WARNING: Shader If subshaders removal was intentional, you may have forgotten turning Fallback off?
Refreshing native plugins compatible for Editor in 2.37 ms, found 5 plugins.
Unloading 58 Unused Serialized files (Serialized files now loaded: 0)
Unloading 7461 unused Assets / (9.1 MB). Loaded Objects now: 8159.
Memory consumption went from 167.8 MB to 158.7 MB.
Total: 18.233700 ms (FindLiveObjects: 2.393500 ms CreateObjectMapping: 1.213100 ms MarkObjects: 7.297200 ms  DeleteObjects: 7.326900 ms)

Prepare: number of updated asset objects reloaded= 0
========================================================================
Received Prepare
Begin MonoManager ReloadAssembly
Assembly Assembly-CSharp-Editor-firstpass.dll at Library/ScriptAssemblies/Assembly-CSharp-Editor-firstpass.dll not valid. Loading of assembly skipped.
Assembly Assembly-CSharp-Editor.dll at Library/ScriptAssemblies/Assembly-CSharp-Editor.dll not valid. Loading of assembly skipped.
Assembly Assembly-CSharp-firstpass.dll at Library/ScriptAssemblies/Assembly-CSharp-firstpass.dll not valid. Loading of assembly skipped.
Assembly Cinemachine.Editor.Tests.dll at Library/ScriptAssemblies/Cinemachine.Editor.Tests.dll not valid. Loading of assembly skipped.
Assembly Cinemachine.Runtime.Tests.dll at Library/ScriptAssemblies/Cinemachine.Runtime.Tests.dll not valid. Loading of assembly skipped.
Assembly DocCodeExamples.dll at Library/ScriptAssemblies/DocCodeExamples.dll not valid. Loading of assembly skipped.
Assembly TestNewCustomAssembly.dll at Library/ScriptAssemblies/TestNewCustomAssembly.dll not valid. Loading of assembly skipped.
Assembly Unity.2D.Animation.EditorTests.dll at Library/ScriptAssemblies/Unity.2D.Animation.EditorTests.dll not valid. Loading of assembly skipped.
Assembly Unity.2D.Aseprite.EditorTests.dll at Library/ScriptAssemblies/Unity.2D.Aseprite.EditorTests.dll not valid. Loading of assembly skipped.
Assembly Unity.2D.Common.EditorTests.dll at Library/ScriptAssemblies/Unity.2D.Common.EditorTests.dll not valid. Loading of assembly skipped.
Assembly Unity.2D.Psdimporter.EditorTests.dll at Library/ScriptAssemblies/Unity.2D.Psdimporter.EditorTests.dll not valid. Loading of assembly skipped.
Assembly Unity.2D.Sprite.Package.EditorTests.dll at Library/ScriptAssemblies/Unity.2D.Sprite.Package.EditorTests.dll not valid. Loading of assembly skipped.
Assembly Unity.2D.SpriteShape.EditorTests.dll at Library/ScriptAssemblies/Unity.2D.SpriteShape.EditorTests.dll not valid. Loading of assembly skipped.
Assembly Unity.2D.Tilemap.Package.EditorTests.dll at Library/ScriptAssemblies/Unity.2D.Tilemap.Package.EditorTests.dll not valid. Loading of assembly skipped.
Assembly Unity.Collections.BurstCompatibilityGen.dll at Library/ScriptAssemblies/Unity.Collections.BurstCompatibilityGen.dll not valid. Loading of assembly skipped.
Assembly Unity.Collections.DocCodeSamples.dll at Library/ScriptAssemblies/Unity.Collections.DocCodeSamples.dll not valid. Loading of assembly skipped.
Assembly Unity.Collections.PerformanceTests.dll at Library/ScriptAssemblies/Unity.Collections.PerformanceTests.dll not valid. Loading of assembly skipped.
Assembly Unity.Collections.Tests.dll at Library/ScriptAssemblies/Unity.Collections.Tests.dll not valid. Loading of assembly skipped.
Assembly Unity.Collections.Tests.Playmode.dll at Library/ScriptAssemblies/Unity.Collections.Tests.Playmode.dll not valid. Loading of assembly skipped.
Assembly Unity.InputSystem.IntegrationTests.dll at Library/ScriptAssemblies/Unity.InputSystem.IntegrationTests.dll not valid. Loading of assembly skipped.
Assembly Unity.Mathematics.Tests.dll at Library/ScriptAssemblies/Unity.Mathematics.Tests.dll not valid. Loading of assembly skipped.
Assembly Unity.Multiplayer.Center.Editor.Tests.dll at Library/ScriptAssemblies/Unity.Multiplayer.Center.Editor.Tests.dll not valid. Loading of assembly skipped.
Assembly Unity.Multiplayer.Center.Tests.dll at Library/ScriptAssemblies/Unity.Multiplayer.Center.Tests.dll not valid. Loading of assembly skipped.
Assembly Unity.Nuget.Mono-Cecil.dll at Library/ScriptAssemblies/Unity.Nuget.Mono-Cecil.dll not valid. Loading of assembly skipped.
Assembly Unity.PathTracing.Editor.Tests.dll at Library/ScriptAssemblies/Unity.PathTracing.Editor.Tests.dll not valid. Loading of assembly skipped.
Assembly Unity.PathTracing.Runtime.Tests.dll at Library/ScriptAssemblies/Unity.PathTracing.Runtime.Tests.dll not valid. Loading of assembly skipped.
Assembly Unity.RenderPipelines.Core.Editor.Tests.dll at Library/ScriptAssemblies/Unity.RenderPipelines.Core.Editor.Tests.dll not valid. Loading of assembly skipped.
Assembly Unity.RenderPipelines.Core.Runtime.Tests.dll at Library/ScriptAssemblies/Unity.RenderPipelines.Core.Runtime.Tests.dll not valid. Loading of assembly skipped.
Assembly Unity.RenderPipelines.Universal.Config.Editor.Tests.dll at Library/ScriptAssemblies/Unity.RenderPipelines.Universal.Config.Editor.Tests.dll not valid. Loading of assembly skipped.
Assembly Unity.RenderPipelines.Universal.Editor.Tests.dll at Library/ScriptAssemblies/Unity.RenderPipelines.Universal.Editor.Tests.dll not valid. Loading of assembly skipped.
Assembly Unity.RenderPipelines.Universal.Runtime.Tests.dll at Library/ScriptAssemblies/Unity.RenderPipelines.Universal.Runtime.Tests.dll not valid. Loading of assembly skipped.
Assembly Unity.Searcher.EditorTests.dll at Library/ScriptAssemblies/Unity.Searcher.EditorTests.dll not valid. Loading of assembly skipped.
Assembly Unity.ShaderGraph.Editor.Tests.dll at Library/ScriptAssemblies/Unity.ShaderGraph.Editor.Tests.dll not valid. Loading of assembly skipped.
Assembly Unity.TextMeshPro.Editor.Tests.dll at Library/ScriptAssemblies/Unity.TextMeshPro.Editor.Tests.dll not valid. Loading of assembly skipped.
Assembly Unity.TextMeshPro.Tests.dll at Library/ScriptAssemblies/Unity.TextMeshPro.Tests.dll not valid. Loading of assembly skipped.
Assembly Unity.UnifiedRayTracing.Editor.Tests.dll at Library/ScriptAssemblies/Unity.UnifiedRayTracing.Editor.Tests.dll not valid. Loading of assembly skipped.
Assembly UnityEditor.UI.Common.Tests.dll at Library/ScriptAssemblies/UnityEditor.UI.Common.Tests.dll not valid. Loading of assembly skipped.
Assembly UnityEditor.UI.EditorTests.dll at Library/ScriptAssemblies/UnityEditor.UI.EditorTests.dll not valid. Loading of assembly skipped.
Assembly UnityEngine.UI.Tests.dll at Library/ScriptAssemblies/UnityEngine.UI.Tests.dll not valid. Loading of assembly skipped.
Refreshing native plugins compatible for Editor in 2.15 ms, found 5 plugins.
Native extension for WindowsStandalone target not found
[Package Manager] Failed to launch server process. Reason: Unity was launched with the -noUpm command-line argument
[Package Manager] Unable to send message (not connected to server process).
[Package Manager] Cannot connect to Unity Package Manager local server
[Package Manager] Failed to launch server process. Reason: Unity was launched with the -noUpm command-line argument
[Package Manager] Unable to send message (not connected to server process).
[Package Manager] Cannot connect to Unity Package Manager local server
ScheduleIndexationOnStartup MainProcess:False IndexOnStartup:True
Mono: successfully reloaded assembly
- Finished resetting the current domain, in  0.993 seconds
Domain Reload Profiling: 1758ms
	BeginReloadAssembly (188ms)
		DisableScriptedObjects (10ms)
		CreateAndSetChildDomain (43ms)
	RebuildCommonClasses (32ms)
	RebuildNativeTypeToScriptingClass (12ms)
	initialDomainReloadingComplete (68ms)
	LoadAllAssembliesAndSetupDomain (465ms)
		LoadAssemblies (326ms)
		AnalyzeDomain (224ms)
			TypeCache.Refresh (10ms)
			BuildScriptInfoCaches (201ms)
			ResolveRequiredComponents (10ms)
	FinalizeReload (993ms)
		SetupLoadedEditorAssemblies (0ms)
			BeforeProcessingInitializeOnLoad (178ms)
			ProcessInitializeOnLoadAttributes (442ms)
			ProcessInitializeOnLoadMethodAttributes (111ms)
			AfterProcessingInitializeOnLoad (6ms)
		AwakeInstancesAfterBackupRestoration (10ms)
WARNING: Shader Unsupported: 'Hidden/Universal Render Pipeline/Terrain/Lit (Base Pass)' - All subshaders removed
WARNING: Shader Did you use #pragma only_renderers and omit this platform?
WARNING: Shader If subshaders removal was intentional, you may have forgotten turning Fallback off?
WARNING: Shader Unsupported: 'Universal Render Pipeline/Terrain/Lit' - All subshaders removed
WARNING: Shader Did you use #pragma only_renderers and omit this platform?
WARNING: Shader If subshaders removal was intentional, you may have forgotten turning Fallback off?
Refreshing native plugins compatible for Editor in 2.84 ms, found 5 plugins.
Unloading 58 Unused Serialized files (Serialized files now loaded: 0)
Unloading 7461 unused Assets / (9.2 MB). Loaded Objects now: 8162.
Memory consumption went from 170.4 MB to 161.2 MB.
Total: 18.542400 ms (FindLiveObjects: 1.364200 ms CreateObjectMapping: 1.139100 ms MarkObjects: 6.911700 ms  DeleteObjects: 9.125500 ms)

Prepare: number of updated asset objects reloaded= 0
========================================================================
Received Prepare
Begin MonoManager ReloadAssembly
[Licensing::Client] Successfully resolved entitlement details
Assembly Assembly-CSharp-Editor-firstpass.dll at Library/ScriptAssemblies/Assembly-CSharp-Editor-firstpass.dll not valid. Loading of assembly skipped.
Assembly Assembly-CSharp-Editor.dll at Library/ScriptAssemblies/Assembly-CSharp-Editor.dll not valid. Loading of assembly skipped.
Assembly Assembly-CSharp-firstpass.dll at Library/ScriptAssemblies/Assembly-CSharp-firstpass.dll not valid. Loading of assembly skipped.
Assembly Cinemachine.Editor.Tests.dll at Library/ScriptAssemblies/Cinemachine.Editor.Tests.dll not valid. Loading of assembly skipped.
Assembly Cinemachine.Runtime.Tests.dll at Library/ScriptAssemblies/Cinemachine.Runtime.Tests.dll not valid. Loading of assembly skipped.
Assembly DocCodeExamples.dll at Library/ScriptAssemblies/DocCodeExamples.dll not valid. Loading of assembly skipped.
Assembly TestNewCustomAssembly.dll at Library/ScriptAssemblies/TestNewCustomAssembly.dll not valid. Loading of assembly skipped.
Assembly Unity.2D.Animation.EditorTests.dll at Library/ScriptAssemblies/Unity.2D.Animation.EditorTests.dll not valid. Loading of assembly skipped.
Assembly Unity.2D.Aseprite.EditorTests.dll at Library/ScriptAssemblies/Unity.2D.Aseprite.EditorTests.dll not valid. Loading of assembly skipped.
Assembly Unity.2D.Common.EditorTests.dll at Library/ScriptAssemblies/Unity.2D.Common.EditorTests.dll not valid. Loading of assembly skipped.
Assembly Unity.2D.Psdimporter.EditorTests.dll at Library/ScriptAssemblies/Unity.2D.Psdimporter.EditorTests.dll not valid. Loading of assembly skipped.
Assembly Unity.2D.Sprite.Package.EditorTests.dll at Library/ScriptAssemblies/Unity.2D.Sprite.Package.EditorTests.dll not valid. Loading of assembly skipped.
Assembly Unity.2D.SpriteShape.EditorTests.dll at Library/ScriptAssemblies/Unity.2D.SpriteShape.EditorTests.dll not valid. Loading of assembly skipped.
Assembly Unity.2D.Tilemap.Package.EditorTests.dll at Library/ScriptAssemblies/Unity.2D.Tilemap.Package.EditorTests.dll not valid. Loading of assembly skipped.
Assembly Unity.Collections.BurstCompatibilityGen.dll at Library/ScriptAssemblies/Unity.Collections.BurstCompatibilityGen.dll not valid. Loading of assembly skipped.
Assembly Unity.Collections.DocCodeSamples.dll at Library/ScriptAssemblies/Unity.Collections.DocCodeSamples.dll not valid. Loading of assembly skipped.
Assembly Unity.Collections.PerformanceTests.dll at Library/ScriptAssemblies/Unity.Collections.PerformanceTests.dll not valid. Loading of assembly skipped.
Assembly Unity.Collections.Tests.dll at Library/ScriptAssemblies/Unity.Collections.Tests.dll not valid. Loading of assembly skipped.
Assembly Unity.Collections.Tests.Playmode.dll at Library/ScriptAssemblies/Unity.Collections.Tests.Playmode.dll not valid. Loading of assembly skipped.
Assembly Unity.InputSystem.IntegrationTests.dll at Library/ScriptAssemblies/Unity.InputSystem.IntegrationTests.dll not valid. Loading of assembly skipped.
Assembly Unity.Mathematics.Tests.dll at Library/ScriptAssemblies/Unity.Mathematics.Tests.dll not valid. Loading of assembly skipped.
Assembly Unity.Multiplayer.Center.Editor.Tests.dll at Library/ScriptAssemblies/Unity.Multiplayer.Center.Editor.Tests.dll not valid. Loading of assembly skipped.
Assembly Unity.Multiplayer.Center.Tests.dll at Library/ScriptAssemblies/Unity.Multiplayer.Center.Tests.dll not valid. Loading of assembly skipped.
Assembly Unity.Nuget.Mono-Cecil.dll at Library/ScriptAssemblies/Unity.Nuget.Mono-Cecil.dll not valid. Loading of assembly skipped.
Assembly Unity.PathTracing.Editor.Tests.dll at Library/ScriptAssemblies/Unity.PathTracing.Editor.Tests.dll not valid. Loading of assembly skipped.
Assembly Unity.PathTracing.Runtime.Tests.dll at Library/ScriptAssemblies/Unity.PathTracing.Runtime.Tests.dll not valid. Loading of assembly skipped.
Assembly Unity.RenderPipelines.Core.Editor.Tests.dll at Library/ScriptAssemblies/Unity.RenderPipelines.Core.Editor.Tests.dll not valid. Loading of assembly skipped.
Assembly Unity.RenderPipelines.Core.Runtime.Tests.dll at Library/ScriptAssemblies/Unity.RenderPipelines.Core.Runtime.Tests.dll not valid. Loading of assembly skipped.
Assembly Unity.RenderPipelines.Universal.Config.Editor.Tests.dll at Library/ScriptAssemblies/Unity.RenderPipelines.Universal.Config.Editor.Tests.dll not valid. Loading of assembly skipped.
Assembly Unity.RenderPipelines.Universal.Editor.Tests.dll at Library/ScriptAssemblies/Unity.RenderPipelines.Universal.Editor.Tests.dll not valid. Loading of assembly skipped.
Assembly Unity.RenderPipelines.Universal.Runtime.Tests.dll at Library/ScriptAssemblies/Unity.RenderPipelines.Universal.Runtime.Tests.dll not valid. Loading of assembly skipped.
Assembly Unity.Searcher.EditorTests.dll at Library/ScriptAssemblies/Unity.Searcher.EditorTests.dll not valid. Loading of assembly skipped.
Assembly Unity.ShaderGraph.Editor.Tests.dll at Library/ScriptAssemblies/Unity.ShaderGraph.Editor.Tests.dll not valid. Loading of assembly skipped.
Assembly Unity.TextMeshPro.Editor.Tests.dll at Library/ScriptAssemblies/Unity.TextMeshPro.Editor.Tests.dll not valid. Loading of assembly skipped.
Assembly Unity.TextMeshPro.Tests.dll at Library/ScriptAssemblies/Unity.TextMeshPro.Tests.dll not valid. Loading of assembly skipped.
Assembly Unity.UnifiedRayTracing.Editor.Tests.dll at Library/ScriptAssemblies/Unity.UnifiedRayTracing.Editor.Tests.dll not valid. Loading of assembly skipped.
Assembly UnityEditor.UI.Common.Tests.dll at Library/ScriptAssemblies/UnityEditor.UI.Common.Tests.dll not valid. Loading of assembly skipped.
Assembly UnityEditor.UI.EditorTests.dll at Library/ScriptAssemblies/UnityEditor.UI.EditorTests.dll not valid. Loading of assembly skipped.
Assembly UnityEngine.UI.Tests.dll at Library/ScriptAssemblies/UnityEngine.UI.Tests.dll not valid. Loading of assembly skipped.
Native extension for WindowsStandalone target not found
[Package Manager] Failed to launch server process. Reason: Unity was launched with the -noUpm command-line argument
[Package Manager] Unable to send message (not connected to server process).
[Package Manager] Cannot connect to Unity Package Manager local server
[Package Manager] Failed to launch server process. Reason: Unity was launched with the -noUpm command-line argument
[Package Manager] Unable to send message (not connected to server process).
[Package Manager] Cannot connect to Unity Package Manager local server
ScheduleIndexationOnStartup MainProcess:False IndexOnStartup:True
Mono: successfully reloaded assembly
- Finished resetting the current domain, in  0.740 seconds
Domain Reload Profiling: 1450ms
	BeginReloadAssembly (198ms)
		DisableScriptedObjects (12ms)
		CreateAndSetChildDomain (50ms)
	RebuildCommonClasses (32ms)
	RebuildNativeTypeToScriptingClass (11ms)
	initialDomainReloadingComplete (64ms)
	LoadAllAssembliesAndSetupDomain (406ms)
		LoadAssemblies (309ms)
		AnalyzeDomain (181ms)
			TypeCache.Refresh (8ms)
			BuildScriptInfoCaches (161ms)
			ResolveRequiredComponents (9ms)
	FinalizeReload (740ms)
		SetupLoadedEditorAssemblies (0ms)
			BeforeProcessingInitializeOnLoad (129ms)
			ProcessInitializeOnLoadAttributes (332ms)
			ProcessInitializeOnLoadMethodAttributes (107ms)
			AfterProcessingInitializeOnLoad (7ms)
		AwakeInstancesAfterBackupRestoration (9ms)
WARNING: Shader Unsupported: 'Hidden/Universal Render Pipeline/Terrain/Lit (Base Pass)' - All subshaders removed
WARNING: Shader Did you use #pragma only_renderers and omit this platform?
WARNING: Shader If subshaders removal was intentional, you may have forgotten turning Fallback off?
WARNING: Shader Unsupported: 'Universal Render Pipeline/Terrain/Lit' - All subshaders removed
WARNING: Shader Did you use #pragma only_renderers and omit this platform?
WARNING: Shader If subshaders removal was intentional, you may have forgotten turning Fallback off?
Refreshing native plugins compatible for Editor in 2.35 ms, found 5 plugins.
Unloading 58 Unused Serialized files (Serialized files now loaded: 0)
Unloading 7461 unused Assets / (9.0 MB). Loaded Objects now: 8165.
Memory consumption went from 173.0 MB to 164.0 MB.
Total: 20.000400 ms (FindLiveObjects: 1.235800 ms CreateObjectMapping: 1.682300 ms MarkObjects: 8.188900 ms  DeleteObjects: 8.891000 ms)

Prepare: number of updated asset objects reloaded= 0
========================================================================
Received Prepare
Begin MonoManager ReloadAssembly
[Licensing::Client] Successfully resolved entitlement details
Assembly Assembly-CSharp-Editor-firstpass.dll at Library/ScriptAssemblies/Assembly-CSharp-Editor-firstpass.dll not valid. Loading of assembly skipped.
Assembly Assembly-CSharp-Editor.dll at Library/ScriptAssemblies/Assembly-CSharp-Editor.dll not valid. Loading of assembly skipped.
Assembly Assembly-CSharp-firstpass.dll at Library/ScriptAssemblies/Assembly-CSharp-firstpass.dll not valid. Loading of assembly skipped.
Assembly Cinemachine.Editor.Tests.dll at Library/ScriptAssemblies/Cinemachine.Editor.Tests.dll not valid. Loading of assembly skipped.
Assembly Cinemachine.Runtime.Tests.dll at Library/ScriptAssemblies/Cinemachine.Runtime.Tests.dll not valid. Loading of assembly skipped.
Assembly DocCodeExamples.dll at Library/ScriptAssemblies/DocCodeExamples.dll not valid. Loading of assembly skipped.
Assembly TestNewCustomAssembly.dll at Library/ScriptAssemblies/TestNewCustomAssembly.dll not valid. Loading of assembly skipped.
Assembly Unity.2D.Animation.EditorTests.dll at Library/ScriptAssemblies/Unity.2D.Animation.EditorTests.dll not valid. Loading of assembly skipped.
Assembly Unity.2D.Aseprite.EditorTests.dll at Library/ScriptAssemblies/Unity.2D.Aseprite.EditorTests.dll not valid. Loading of assembly skipped.
Assembly Unity.2D.Common.EditorTests.dll at Library/ScriptAssemblies/Unity.2D.Common.EditorTests.dll not valid. Loading of assembly skipped.
Assembly Unity.2D.Psdimporter.EditorTests.dll at Library/ScriptAssemblies/Unity.2D.Psdimporter.EditorTests.dll not valid. Loading of assembly skipped.
Assembly Unity.2D.Sprite.Package.EditorTests.dll at Library/ScriptAssemblies/Unity.2D.Sprite.Package.EditorTests.dll not valid. Loading of assembly skipped.
Assembly Unity.2D.SpriteShape.EditorTests.dll at Library/ScriptAssemblies/Unity.2D.SpriteShape.EditorTests.dll not valid. Loading of assembly skipped.
Assembly Unity.2D.Tilemap.Package.EditorTests.dll at Library/ScriptAssemblies/Unity.2D.Tilemap.Package.EditorTests.dll not valid. Loading of assembly skipped.
Assembly Unity.Collections.BurstCompatibilityGen.dll at Library/ScriptAssemblies/Unity.Collections.BurstCompatibilityGen.dll not valid. Loading of assembly skipped.
Assembly Unity.Collections.DocCodeSamples.dll at Library/ScriptAssemblies/Unity.Collections.DocCodeSamples.dll not valid. Loading of assembly skipped.
Assembly Unity.Collections.PerformanceTests.dll at Library/ScriptAssemblies/Unity.Collections.PerformanceTests.dll not valid. Loading of assembly skipped.
Assembly Unity.Collections.Tests.dll at Library/ScriptAssemblies/Unity.Collections.Tests.dll not valid. Loading of assembly skipped.
Assembly Unity.Collections.Tests.Playmode.dll at Library/ScriptAssemblies/Unity.Collections.Tests.Playmode.dll not valid. Loading of assembly skipped.
Assembly Unity.InputSystem.IntegrationTests.dll at Library/ScriptAssemblies/Unity.InputSystem.IntegrationTests.dll not valid. Loading of assembly skipped.
Assembly Unity.Mathematics.Tests.dll at Library/ScriptAssemblies/Unity.Mathematics.Tests.dll not valid. Loading of assembly skipped.
Assembly Unity.Multiplayer.Center.Editor.Tests.dll at Library/ScriptAssemblies/Unity.Multiplayer.Center.Editor.Tests.dll not valid. Loading of assembly skipped.
Assembly Unity.Multiplayer.Center.Tests.dll at Library/ScriptAssemblies/Unity.Multiplayer.Center.Tests.dll not valid. Loading of assembly skipped.
Assembly Unity.Nuget.Mono-Cecil.dll at Library/ScriptAssemblies/Unity.Nuget.Mono-Cecil.dll not valid. Loading of assembly skipped.
Assembly Unity.PathTracing.Editor.Tests.dll at Library/ScriptAssemblies/Unity.PathTracing.Editor.Tests.dll not valid. Loading of assembly skipped.
Assembly Unity.PathTracing.Runtime.Tests.dll at Library/ScriptAssemblies/Unity.PathTracing.Runtime.Tests.dll not valid. Loading of assembly skipped.
Assembly Unity.RenderPipelines.Core.Editor.Tests.dll at Library/ScriptAssemblies/Unity.RenderPipelines.Core.Editor.Tests.dll not valid. Loading of assembly skipped.
Assembly Unity.RenderPipelines.Core.Runtime.Tests.dll at Library/ScriptAssemblies/Unity.RenderPipelines.Core.Runtime.Tests.dll not valid. Loading of assembly skipped.
Assembly Unity.RenderPipelines.Universal.Config.Editor.Tests.dll at Library/ScriptAssemblies/Unity.RenderPipelines.Universal.Config.Editor.Tests.dll not valid. Loading of assembly skipped.
Assembly Unity.RenderPipelines.Universal.Editor.Tests.dll at Library/ScriptAssemblies/Unity.RenderPipelines.Universal.Editor.Tests.dll not valid. Loading of assembly skipped.
Assembly Unity.RenderPipelines.Universal.Runtime.Tests.dll at Library/ScriptAssemblies/Unity.RenderPipelines.Universal.Runtime.Tests.dll not valid. Loading of assembly skipped.
Assembly Unity.Searcher.EditorTests.dll at Library/ScriptAssemblies/Unity.Searcher.EditorTests.dll not valid. Loading of assembly skipped.
Assembly Unity.ShaderGraph.Editor.Tests.dll at Library/ScriptAssemblies/Unity.ShaderGraph.Editor.Tests.dll not valid. Loading of assembly skipped.
Assembly Unity.TextMeshPro.Editor.Tests.dll at Library/ScriptAssemblies/Unity.TextMeshPro.Editor.Tests.dll not valid. Loading of assembly skipped.
Assembly Unity.TextMeshPro.Tests.dll at Library/ScriptAssemblies/Unity.TextMeshPro.Tests.dll not valid. Loading of assembly skipped.
Assembly Unity.UnifiedRayTracing.Editor.Tests.dll at Library/ScriptAssemblies/Unity.UnifiedRayTracing.Editor.Tests.dll not valid. Loading of assembly skipped.
Assembly UnityEditor.UI.Common.Tests.dll at Library/ScriptAssemblies/UnityEditor.UI.Common.Tests.dll not valid. Loading of assembly skipped.
Assembly UnityEditor.UI.EditorTests.dll at Library/ScriptAssemblies/UnityEditor.UI.EditorTests.dll not valid. Loading of assembly skipped.
Assembly UnityEngine.UI.Tests.dll at Library/ScriptAssemblies/UnityEngine.UI.Tests.dll not valid. Loading of assembly skipped.
Native extension for WindowsStandalone target not found
[Package Manager] Failed to launch server process. Reason: Unity was launched with the -noUpm command-line argument
[Package Manager] Unable to send message (not connected to server process).
[Package Manager] Cannot connect to Unity Package Manager local server
[Package Manager] Failed to launch server process. Reason: Unity was launched with the -noUpm command-line argument
[Package Manager] Unable to send message (not connected to server process).
[Package Manager] Cannot connect to Unity Package Manager local server
ScheduleIndexationOnStartup MainProcess:False IndexOnStartup:True
Mono: successfully reloaded assembly
- Finished resetting the current domain, in  0.615 seconds
Domain Reload Profiling: 1361ms
	BeginReloadAssembly (191ms)
		DisableScriptedObjects (11ms)
		CreateAndSetChildDomain (47ms)
	RebuildCommonClasses (32ms)
	RebuildNativeTypeToScriptingClass (12ms)
	initialDomainReloadingComplete (61ms)
	LoadAllAssembliesAndSetupDomain (450ms)
		LoadAssemblies (329ms)
		AnalyzeDomain (201ms)
			TypeCache.Refresh (12ms)
			BuildScriptInfoCaches (178ms)
			ResolveRequiredComponents (10ms)
	FinalizeReload (616ms)
		SetupLoadedEditorAssemblies (0ms)
			BeforeProcessingInitializeOnLoad (138ms)
			ProcessInitializeOnLoadAttributes (270ms)
			ProcessInitializeOnLoadMethodAttributes (65ms)
			AfterProcessingInitializeOnLoad (4ms)
		AwakeInstancesAfterBackupRestoration (6ms)
WARNING: Shader Unsupported: 'Hidden/Universal Render Pipeline/Terrain/Lit (Base Pass)' - All subshaders removed
WARNING: Shader Did you use #pragma only_renderers and omit this platform?
WARNING: Shader If subshaders removal was intentional, you may have forgotten turning Fallback off?
WARNING: Shader Unsupported: 'Universal Render Pipeline/Terrain/Lit' - All subshaders removed
WARNING: Shader Did you use #pragma only_renderers and omit this platform?
WARNING: Shader If subshaders removal was intentional, you may have forgotten turning Fallback off?
Refreshing native plugins compatible for Editor in 2.53 ms, found 5 plugins.
Unloading 58 Unused Serialized files (Serialized files now loaded: 0)
Unloading 7461 unused Assets / (7.7 MB). Loaded Objects now: 8168.
Memory consumption went from 175.5 MB to 167.8 MB.
Total: 9.362000 ms (FindLiveObjects: 0.675300 ms CreateObjectMapping: 0.742100 ms MarkObjects: 4.604600 ms  DeleteObjects: 3.339000 ms)

Prepare: number of updated asset objects reloaded= 0
========================================================================
Received Prepare
Begin MonoManager ReloadAssembly
Assembly Assembly-CSharp-Editor-firstpass.dll at Library/ScriptAssemblies/Assembly-CSharp-Editor-firstpass.dll not valid. Loading of assembly skipped.
Assembly Assembly-CSharp-Editor.dll at Library/ScriptAssemblies/Assembly-CSharp-Editor.dll not valid. Loading of assembly skipped.
Assembly Assembly-CSharp-firstpass.dll at Library/ScriptAssemblies/Assembly-CSharp-firstpass.dll not valid. Loading of assembly skipped.
Assembly Cinemachine.Editor.Tests.dll at Library/ScriptAssemblies/Cinemachine.Editor.Tests.dll not valid. Loading of assembly skipped.
Assembly Cinemachine.Runtime.Tests.dll at Library/ScriptAssemblies/Cinemachine.Runtime.Tests.dll not valid. Loading of assembly skipped.
Assembly DocCodeExamples.dll at Library/ScriptAssemblies/DocCodeExamples.dll not valid. Loading of assembly skipped.
Assembly TestNewCustomAssembly.dll at Library/ScriptAssemblies/TestNewCustomAssembly.dll not valid. Loading of assembly skipped.
Assembly Unity.2D.Animation.EditorTests.dll at Library/ScriptAssemblies/Unity.2D.Animation.EditorTests.dll not valid. Loading of assembly skipped.
Assembly Unity.2D.Aseprite.EditorTests.dll at Library/ScriptAssemblies/Unity.2D.Aseprite.EditorTests.dll not valid. Loading of assembly skipped.
Assembly Unity.2D.Common.EditorTests.dll at Library/ScriptAssemblies/Unity.2D.Common.EditorTests.dll not valid. Loading of assembly skipped.
Assembly Unity.2D.Psdimporter.EditorTests.dll at Library/ScriptAssemblies/Unity.2D.Psdimporter.EditorTests.dll not valid. Loading of assembly skipped.
Assembly Unity.2D.Sprite.Package.EditorTests.dll at Library/ScriptAssemblies/Unity.2D.Sprite.Package.EditorTests.dll not valid. Loading of assembly skipped.
Assembly Unity.2D.SpriteShape.EditorTests.dll at Library/ScriptAssemblies/Unity.2D.SpriteShape.EditorTests.dll not valid. Loading of assembly skipped.
Assembly Unity.2D.Tilemap.Package.EditorTests.dll at Library/ScriptAssemblies/Unity.2D.Tilemap.Package.EditorTests.dll not valid. Loading of assembly skipped.
Assembly Unity.Collections.BurstCompatibilityGen.dll at Library/ScriptAssemblies/Unity.Collections.BurstCompatibilityGen.dll not valid. Loading of assembly skipped.
Assembly Unity.Collections.DocCodeSamples.dll at Library/ScriptAssemblies/Unity.Collections.DocCodeSamples.dll not valid. Loading of assembly skipped.
Assembly Unity.Collections.PerformanceTests.dll at Library/ScriptAssemblies/Unity.Collections.PerformanceTests.dll not valid. Loading of assembly skipped.
Assembly Unity.Collections.Tests.dll at Library/ScriptAssemblies/Unity.Collections.Tests.dll not valid. Loading of assembly skipped.
Assembly Unity.Collections.Tests.Playmode.dll at Library/ScriptAssemblies/Unity.Collections.Tests.Playmode.dll not valid. Loading of assembly skipped.
Assembly Unity.InputSystem.IntegrationTests.dll at Library/ScriptAssemblies/Unity.InputSystem.IntegrationTests.dll not valid. Loading of assembly skipped.
Assembly Unity.Mathematics.Tests.dll at Library/ScriptAssemblies/Unity.Mathematics.Tests.dll not valid. Loading of assembly skipped.
Assembly Unity.Multiplayer.Center.Editor.Tests.dll at Library/ScriptAssemblies/Unity.Multiplayer.Center.Editor.Tests.dll not valid. Loading of assembly skipped.
Assembly Unity.Multiplayer.Center.Tests.dll at Library/ScriptAssemblies/Unity.Multiplayer.Center.Tests.dll not valid. Loading of assembly skipped.
Assembly Unity.Nuget.Mono-Cecil.dll at Library/ScriptAssemblies/Unity.Nuget.Mono-Cecil.dll not valid. Loading of assembly skipped.
Assembly Unity.PathTracing.Editor.Tests.dll at Library/ScriptAssemblies/Unity.PathTracing.Editor.Tests.dll not valid. Loading of assembly skipped.
Assembly Unity.PathTracing.Runtime.Tests.dll at Library/ScriptAssemblies/Unity.PathTracing.Runtime.Tests.dll not valid. Loading of assembly skipped.
Assembly Unity.RenderPipelines.Core.Editor.Tests.dll at Library/ScriptAssemblies/Unity.RenderPipelines.Core.Editor.Tests.dll not valid. Loading of assembly skipped.
Assembly Unity.RenderPipelines.Core.Runtime.Tests.dll at Library/ScriptAssemblies/Unity.RenderPipelines.Core.Runtime.Tests.dll not valid. Loading of assembly skipped.
Assembly Unity.RenderPipelines.Universal.Config.Editor.Tests.dll at Library/ScriptAssemblies/Unity.RenderPipelines.Universal.Config.Editor.Tests.dll not valid. Loading of assembly skipped.
Assembly Unity.RenderPipelines.Universal.Editor.Tests.dll at Library/ScriptAssemblies/Unity.RenderPipelines.Universal.Editor.Tests.dll not valid. Loading of assembly skipped.
Assembly Unity.RenderPipelines.Universal.Runtime.Tests.dll at Library/ScriptAssemblies/Unity.RenderPipelines.Universal.Runtime.Tests.dll not valid. Loading of assembly skipped.
Assembly Unity.Searcher.EditorTests.dll at Library/ScriptAssemblies/Unity.Searcher.EditorTests.dll not valid. Loading of assembly skipped.
Assembly Unity.ShaderGraph.Editor.Tests.dll at Library/ScriptAssemblies/Unity.ShaderGraph.Editor.Tests.dll not valid. Loading of assembly skipped.
Assembly Unity.TextMeshPro.Editor.Tests.dll at Library/ScriptAssemblies/Unity.TextMeshPro.Editor.Tests.dll not valid. Loading of assembly skipped.
Assembly Unity.TextMeshPro.Tests.dll at Library/ScriptAssemblies/Unity.TextMeshPro.Tests.dll not valid. Loading of assembly skipped.
Assembly Unity.UnifiedRayTracing.Editor.Tests.dll at Library/ScriptAssemblies/Unity.UnifiedRayTracing.Editor.Tests.dll not valid. Loading of assembly skipped.
Assembly UnityEditor.UI.Common.Tests.dll at Library/ScriptAssemblies/UnityEditor.UI.Common.Tests.dll not valid. Loading of assembly skipped.
Assembly UnityEditor.UI.EditorTests.dll at Library/ScriptAssemblies/UnityEditor.UI.EditorTests.dll not valid. Loading of assembly skipped.
Assembly UnityEngine.UI.Tests.dll at Library/ScriptAssemblies/UnityEngine.UI.Tests.dll not valid. Loading of assembly skipped.
Native extension for WindowsStandalone target not found
[Package Manager] Failed to launch server process. Reason: Unity was launched with the -noUpm command-line argument
[Package Manager] Unable to send message (not connected to server process).
[Package Manager] Cannot connect to Unity Package Manager local server
[Package Manager] Failed to launch server process. Reason: Unity was launched with the -noUpm command-line argument
[Package Manager] Unable to send message (not connected to server process).
[Package Manager] Cannot connect to Unity Package Manager local server
ScheduleIndexationOnStartup MainProcess:False IndexOnStartup:True
Mono: successfully reloaded assembly
- Finished resetting the current domain, in  0.735 seconds
Domain Reload Profiling: 1499ms
	BeginReloadAssembly (187ms)
		DisableScriptedObjects (11ms)
		CreateAndSetChildDomain (41ms)
	RebuildCommonClasses (33ms)
	RebuildNativeTypeToScriptingClass (11ms)
	initialDomainReloadingComplete (65ms)
	LoadAllAssembliesAndSetupDomain (467ms)
		LoadAssemblies (327ms)
		AnalyzeDomain (219ms)
			TypeCache.Refresh (13ms)
			BuildScriptInfoCaches (190ms)
			ResolveRequiredComponents (13ms)
	FinalizeReload (736ms)
		SetupLoadedEditorAssemblies (0ms)
			BeforeProcessingInitializeOnLoad (147ms)
			ProcessInitializeOnLoadAttributes (325ms)
			ProcessInitializeOnLoadMethodAttributes (86ms)
			AfterProcessingInitializeOnLoad (5ms)
		AwakeInstancesAfterBackupRestoration (8ms)
WARNING: Shader Unsupported: 'Hidden/Universal Render Pipeline/Terrain/Lit (Base Pass)' - All subshaders removed
WARNING: Shader Did you use #pragma only_renderers and omit this platform?
WARNING: Shader If subshaders removal was intentional, you may have forgotten turning Fallback off?
WARNING: Shader Unsupported: 'Universal Render Pipeline/Terrain/Lit' - All subshaders removed
WARNING: Shader Did you use #pragma only_renderers and omit this platform?
WARNING: Shader If subshaders removal was intentional, you may have forgotten turning Fallback off?
Unloading 58 Unused Serialized files (Serialized files now loaded: 0)
Unloading 7461 unused Assets / (8.7 MB). Loaded Objects now: 8171.
Memory consumption went from 178.1 MB to 169.4 MB.
Total: 11.451300 ms (FindLiveObjects: 0.878400 ms CreateObjectMapping: 0.798300 ms MarkObjects: 4.967800 ms  DeleteObjects: 4.800400 ms)

Prepare: number of updated asset objects reloaded= 0
========================================================================
Received Prepare
Begin MonoManager ReloadAssembly
Assembly Assembly-CSharp-Editor-firstpass.dll at Library/ScriptAssemblies/Assembly-CSharp-Editor-firstpass.dll not valid. Loading of assembly skipped.
Assembly Assembly-CSharp-Editor.dll at Library/ScriptAssemblies/Assembly-CSharp-Editor.dll not valid. Loading of assembly skipped.
Assembly Assembly-CSharp-firstpass.dll at Library/ScriptAssemblies/Assembly-CSharp-firstpass.dll not valid. Loading of assembly skipped.
Assembly Cinemachine.Editor.Tests.dll at Library/ScriptAssemblies/Cinemachine.Editor.Tests.dll not valid. Loading of assembly skipped.
Assembly Cinemachine.Runtime.Tests.dll at Library/ScriptAssemblies/Cinemachine.Runtime.Tests.dll not valid. Loading of assembly skipped.
Assembly DocCodeExamples.dll at Library/ScriptAssemblies/DocCodeExamples.dll not valid. Loading of assembly skipped.
Assembly TestNewCustomAssembly.dll at Library/ScriptAssemblies/TestNewCustomAssembly.dll not valid. Loading of assembly skipped.
Assembly Unity.2D.Animation.EditorTests.dll at Library/ScriptAssemblies/Unity.2D.Animation.EditorTests.dll not valid. Loading of assembly skipped.
Assembly Unity.2D.Aseprite.EditorTests.dll at Library/ScriptAssemblies/Unity.2D.Aseprite.EditorTests.dll not valid. Loading of assembly skipped.
Assembly Unity.2D.Common.EditorTests.dll at Library/ScriptAssemblies/Unity.2D.Common.EditorTests.dll not valid. Loading of assembly skipped.
Assembly Unity.2D.Psdimporter.EditorTests.dll at Library/ScriptAssemblies/Unity.2D.Psdimporter.EditorTests.dll not valid. Loading of assembly skipped.
Assembly Unity.2D.Sprite.Package.EditorTests.dll at Library/ScriptAssemblies/Unity.2D.Sprite.Package.EditorTests.dll not valid. Loading of assembly skipped.
Assembly Unity.2D.SpriteShape.EditorTests.dll at Library/ScriptAssemblies/Unity.2D.SpriteShape.EditorTests.dll not valid. Loading of assembly skipped.
Assembly Unity.2D.Tilemap.Package.EditorTests.dll at Library/ScriptAssemblies/Unity.2D.Tilemap.Package.EditorTests.dll not valid. Loading of assembly skipped.
Assembly Unity.Collections.BurstCompatibilityGen.dll at Library/ScriptAssemblies/Unity.Collections.BurstCompatibilityGen.dll not valid. Loading of assembly skipped.
Assembly Unity.Collections.DocCodeSamples.dll at Library/ScriptAssemblies/Unity.Collections.DocCodeSamples.dll not valid. Loading of assembly skipped.
Assembly Unity.Collections.PerformanceTests.dll at Library/ScriptAssemblies/Unity.Collections.PerformanceTests.dll not valid. Loading of assembly skipped.
Assembly Unity.Collections.Tests.dll at Library/ScriptAssemblies/Unity.Collections.Tests.dll not valid. Loading of assembly skipped.
Assembly Unity.Collections.Tests.Playmode.dll at Library/ScriptAssemblies/Unity.Collections.Tests.Playmode.dll not valid. Loading of assembly skipped.
Assembly Unity.InputSystem.IntegrationTests.dll at Library/ScriptAssemblies/Unity.InputSystem.IntegrationTests.dll not valid. Loading of assembly skipped.
Assembly Unity.Mathematics.Tests.dll at Library/ScriptAssemblies/Unity.Mathematics.Tests.dll not valid. Loading of assembly skipped.
Assembly Unity.Multiplayer.Center.Editor.Tests.dll at Library/ScriptAssemblies/Unity.Multiplayer.Center.Editor.Tests.dll not valid. Loading of assembly skipped.
Assembly Unity.Multiplayer.Center.Tests.dll at Library/ScriptAssemblies/Unity.Multiplayer.Center.Tests.dll not valid. Loading of assembly skipped.
Assembly Unity.Nuget.Mono-Cecil.dll at Library/ScriptAssemblies/Unity.Nuget.Mono-Cecil.dll not valid. Loading of assembly skipped.
Assembly Unity.PathTracing.Editor.Tests.dll at Library/ScriptAssemblies/Unity.PathTracing.Editor.Tests.dll not valid. Loading of assembly skipped.
Assembly Unity.PathTracing.Runtime.Tests.dll at Library/ScriptAssemblies/Unity.PathTracing.Runtime.Tests.dll not valid. Loading of assembly skipped.
Assembly Unity.RenderPipelines.Core.Editor.Tests.dll at Library/ScriptAssemblies/Unity.RenderPipelines.Core.Editor.Tests.dll not valid. Loading of assembly skipped.
Assembly Unity.RenderPipelines.Core.Runtime.Tests.dll at Library/ScriptAssemblies/Unity.RenderPipelines.Core.Runtime.Tests.dll not valid. Loading of assembly skipped.
Assembly Unity.RenderPipelines.Universal.Config.Editor.Tests.dll at Library/ScriptAssemblies/Unity.RenderPipelines.Universal.Config.Editor.Tests.dll not valid. Loading of assembly skipped.
Assembly Unity.RenderPipelines.Universal.Editor.Tests.dll at Library/ScriptAssemblies/Unity.RenderPipelines.Universal.Editor.Tests.dll not valid. Loading of assembly skipped.
Assembly Unity.RenderPipelines.Universal.Runtime.Tests.dll at Library/ScriptAssemblies/Unity.RenderPipelines.Universal.Runtime.Tests.dll not valid. Loading of assembly skipped.
Assembly Unity.Searcher.EditorTests.dll at Library/ScriptAssemblies/Unity.Searcher.EditorTests.dll not valid. Loading of assembly skipped.
Assembly Unity.ShaderGraph.Editor.Tests.dll at Library/ScriptAssemblies/Unity.ShaderGraph.Editor.Tests.dll not valid. Loading of assembly skipped.
Assembly Unity.TextMeshPro.Editor.Tests.dll at Library/ScriptAssemblies/Unity.TextMeshPro.Editor.Tests.dll not valid. Loading of assembly skipped.
Assembly Unity.TextMeshPro.Tests.dll at Library/ScriptAssemblies/Unity.TextMeshPro.Tests.dll not valid. Loading of assembly skipped.
Assembly Unity.UnifiedRayTracing.Editor.Tests.dll at Library/ScriptAssemblies/Unity.UnifiedRayTracing.Editor.Tests.dll not valid. Loading of assembly skipped.
Assembly UnityEditor.UI.Common.Tests.dll at Library/ScriptAssemblies/UnityEditor.UI.Common.Tests.dll not valid. Loading of assembly skipped.
Assembly UnityEditor.UI.EditorTests.dll at Library/ScriptAssemblies/UnityEditor.UI.EditorTests.dll not valid. Loading of assembly skipped.
Assembly UnityEngine.UI.Tests.dll at Library/ScriptAssemblies/UnityEngine.UI.Tests.dll not valid. Loading of assembly skipped.
Native extension for WindowsStandalone target not found
[Package Manager] Failed to launch server process. Reason: Unity was launched with the -noUpm command-line argument
[Package Manager] Unable to send message (not connected to server process).
[Package Manager] Cannot connect to Unity Package Manager local server
[Package Manager] Failed to launch server process. Reason: Unity was launched with the -noUpm command-line argument
[Package Manager] Unable to send message (not connected to server process).
[Package Manager] Cannot connect to Unity Package Manager local server
ScheduleIndexationOnStartup MainProcess:False IndexOnStartup:True
Mono: successfully reloaded assembly
- Finished resetting the current domain, in  0.809 seconds
Domain Reload Profiling: 1537ms
	BeginReloadAssembly (194ms)
		DisableScriptedObjects (10ms)
		CreateAndSetChildDomain (54ms)
	RebuildCommonClasses (36ms)
	RebuildNativeTypeToScriptingClass (11ms)
	initialDomainReloadingComplete (65ms)
	LoadAllAssembliesAndSetupDomain (420ms)
		LoadAssemblies (319ms)
		AnalyzeDomain (183ms)
			TypeCache.Refresh (9ms)
			BuildScriptInfoCaches (164ms)
			ResolveRequiredComponents (9ms)
	FinalizeReload (810ms)
		SetupLoadedEditorAssemblies (0ms)
			BeforeProcessingInitializeOnLoad (133ms)
			ProcessInitializeOnLoadAttributes (361ms)
			ProcessInitializeOnLoadMethodAttributes (138ms)
			AfterProcessingInitializeOnLoad (8ms)
		AwakeInstancesAfterBackupRestoration (11ms)
WARNING: Shader Unsupported: 'Hidden/Universal Render Pipeline/Terrain/Lit (Base Pass)' - All subshaders removed
WARNING: Shader Did you use #pragma only_renderers and omit this platform?
WARNING: Shader If subshaders removal was intentional, you may have forgotten turning Fallback off?
WARNING: Shader Unsupported: 'Universal Render Pipeline/Terrain/Lit' - All subshaders removed
WARNING: Shader Did you use #pragma only_renderers and omit this platform?
WARNING: Shader If subshaders removal was intentional, you may have forgotten turning Fallback off?
Refreshing native plugins compatible for Editor in 3.99 ms, found 5 plugins.
Unloading 58 Unused Serialized files (Serialized files now loaded: 0)
Unloading 7461 unused Assets / (9.3 MB). Loaded Objects now: 8174.
Memory consumption went from 180.7 MB to 171.4 MB.
Total: 21.745900 ms (FindLiveObjects: 1.818900 ms CreateObjectMapping: 1.447000 ms MarkObjects: 8.724100 ms  DeleteObjects: 9.752700 ms)

Prepare: number of updated asset objects reloaded= 0
========================================================================
Received Prepare
Begin MonoManager ReloadAssembly
[Licensing::Client] Successfully resolved entitlement details
Assembly Assembly-CSharp-Editor-firstpass.dll at Library/ScriptAssemblies/Assembly-CSharp-Editor-firstpass.dll not valid. Loading of assembly skipped.
Assembly Assembly-CSharp-Editor.dll at Library/ScriptAssemblies/Assembly-CSharp-Editor.dll not valid. Loading of assembly skipped.
Assembly Assembly-CSharp-firstpass.dll at Library/ScriptAssemblies/Assembly-CSharp-firstpass.dll not valid. Loading of assembly skipped.
Assembly Cinemachine.Editor.Tests.dll at Library/ScriptAssemblies/Cinemachine.Editor.Tests.dll not valid. Loading of assembly skipped.
Assembly Cinemachine.Runtime.Tests.dll at Library/ScriptAssemblies/Cinemachine.Runtime.Tests.dll not valid. Loading of assembly skipped.
Assembly DocCodeExamples.dll at Library/ScriptAssemblies/DocCodeExamples.dll not valid. Loading of assembly skipped.
Assembly TestNewCustomAssembly.dll at Library/ScriptAssemblies/TestNewCustomAssembly.dll not valid. Loading of assembly skipped.
Assembly Unity.2D.Animation.EditorTests.dll at Library/ScriptAssemblies/Unity.2D.Animation.EditorTests.dll not valid. Loading of assembly skipped.
Assembly Unity.2D.Aseprite.EditorTests.dll at Library/ScriptAssemblies/Unity.2D.Aseprite.EditorTests.dll not valid. Loading of assembly skipped.
Assembly Unity.2D.Common.EditorTests.dll at Library/ScriptAssemblies/Unity.2D.Common.EditorTests.dll not valid. Loading of assembly skipped.
Assembly Unity.2D.Psdimporter.EditorTests.dll at Library/ScriptAssemblies/Unity.2D.Psdimporter.EditorTests.dll not valid. Loading of assembly skipped.
Assembly Unity.2D.Sprite.Package.EditorTests.dll at Library/ScriptAssemblies/Unity.2D.Sprite.Package.EditorTests.dll not valid. Loading of assembly skipped.
Assembly Unity.2D.SpriteShape.EditorTests.dll at Library/ScriptAssemblies/Unity.2D.SpriteShape.EditorTests.dll not valid. Loading of assembly skipped.
Assembly Unity.2D.Tilemap.Package.EditorTests.dll at Library/ScriptAssemblies/Unity.2D.Tilemap.Package.EditorTests.dll not valid. Loading of assembly skipped.
Assembly Unity.Collections.BurstCompatibilityGen.dll at Library/ScriptAssemblies/Unity.Collections.BurstCompatibilityGen.dll not valid. Loading of assembly skipped.
Assembly Unity.Collections.DocCodeSamples.dll at Library/ScriptAssemblies/Unity.Collections.DocCodeSamples.dll not valid. Loading of assembly skipped.
Assembly Unity.Collections.PerformanceTests.dll at Library/ScriptAssemblies/Unity.Collections.PerformanceTests.dll not valid. Loading of assembly skipped.
Assembly Unity.Collections.Tests.dll at Library/ScriptAssemblies/Unity.Collections.Tests.dll not valid. Loading of assembly skipped.
Assembly Unity.Collections.Tests.Playmode.dll at Library/ScriptAssemblies/Unity.Collections.Tests.Playmode.dll not valid. Loading of assembly skipped.
Assembly Unity.InputSystem.IntegrationTests.dll at Library/ScriptAssemblies/Unity.InputSystem.IntegrationTests.dll not valid. Loading of assembly skipped.
Assembly Unity.Mathematics.Tests.dll at Library/ScriptAssemblies/Unity.Mathematics.Tests.dll not valid. Loading of assembly skipped.
Assembly Unity.Multiplayer.Center.Editor.Tests.dll at Library/ScriptAssemblies/Unity.Multiplayer.Center.Editor.Tests.dll not valid. Loading of assembly skipped.
Assembly Unity.Multiplayer.Center.Tests.dll at Library/ScriptAssemblies/Unity.Multiplayer.Center.Tests.dll not valid. Loading of assembly skipped.
Assembly Unity.Nuget.Mono-Cecil.dll at Library/ScriptAssemblies/Unity.Nuget.Mono-Cecil.dll not valid. Loading of assembly skipped.
Assembly Unity.PathTracing.Editor.Tests.dll at Library/ScriptAssemblies/Unity.PathTracing.Editor.Tests.dll not valid. Loading of assembly skipped.
Assembly Unity.PathTracing.Runtime.Tests.dll at Library/ScriptAssemblies/Unity.PathTracing.Runtime.Tests.dll not valid. Loading of assembly skipped.
Assembly Unity.RenderPipelines.Core.Editor.Tests.dll at Library/ScriptAssemblies/Unity.RenderPipelines.Core.Editor.Tests.dll not valid. Loading of assembly skipped.
Assembly Unity.RenderPipelines.Core.Runtime.Tests.dll at Library/ScriptAssemblies/Unity.RenderPipelines.Core.Runtime.Tests.dll not valid. Loading of assembly skipped.
Assembly Unity.RenderPipelines.Universal.Config.Editor.Tests.dll at Library/ScriptAssemblies/Unity.RenderPipelines.Universal.Config.Editor.Tests.dll not valid. Loading of assembly skipped.
Assembly Unity.RenderPipelines.Universal.Editor.Tests.dll at Library/ScriptAssemblies/Unity.RenderPipelines.Universal.Editor.Tests.dll not valid. Loading of assembly skipped.
Assembly Unity.RenderPipelines.Universal.Runtime.Tests.dll at Library/ScriptAssemblies/Unity.RenderPipelines.Universal.Runtime.Tests.dll not valid. Loading of assembly skipped.
Assembly Unity.Searcher.EditorTests.dll at Library/ScriptAssemblies/Unity.Searcher.EditorTests.dll not valid. Loading of assembly skipped.
Assembly Unity.ShaderGraph.Editor.Tests.dll at Library/ScriptAssemblies/Unity.ShaderGraph.Editor.Tests.dll not valid. Loading of assembly skipped.
Assembly Unity.TextMeshPro.Editor.Tests.dll at Library/ScriptAssemblies/Unity.TextMeshPro.Editor.Tests.dll not valid. Loading of assembly skipped.
Assembly Unity.TextMeshPro.Tests.dll at Library/ScriptAssemblies/Unity.TextMeshPro.Tests.dll not valid. Loading of assembly skipped.
Assembly Unity.UnifiedRayTracing.Editor.Tests.dll at Library/ScriptAssemblies/Unity.UnifiedRayTracing.Editor.Tests.dll not valid. Loading of assembly skipped.
Assembly UnityEditor.UI.Common.Tests.dll at Library/ScriptAssemblies/UnityEditor.UI.Common.Tests.dll not valid. Loading of assembly skipped.
Assembly UnityEditor.UI.EditorTests.dll at Library/ScriptAssemblies/UnityEditor.UI.EditorTests.dll not valid. Loading of assembly skipped.
Assembly UnityEngine.UI.Tests.dll at Library/ScriptAssemblies/UnityEngine.UI.Tests.dll not valid. Loading of assembly skipped.
Native extension for WindowsStandalone target not found
[Package Manager] Failed to launch server process. Reason: Unity was launched with the -noUpm command-line argument
[Package Manager] Unable to send message (not connected to server process).
[Package Manager] Cannot connect to Unity Package Manager local server
[Package Manager] Failed to launch server process. Reason: Unity was launched with the -noUpm command-line argument
[Package Manager] Unable to send message (not connected to server process).
[Package Manager] Cannot connect to Unity Package Manager local server
ScheduleIndexationOnStartup MainProcess:False IndexOnStartup:True
Mono: successfully reloaded assembly
- Finished resetting the current domain, in  0.702 seconds
Domain Reload Profiling: 1464ms
	BeginReloadAssembly (195ms)
		DisableScriptedObjects (12ms)
		CreateAndSetChildDomain (45ms)
	RebuildCommonClasses (32ms)
	RebuildNativeTypeToScriptingClass (12ms)
	initialDomainReloadingComplete (61ms)
	LoadAllAssembliesAndSetupDomain (462ms)
		LoadAssemblies (324ms)
		AnalyzeDomain (218ms)
			TypeCache.Refresh (12ms)
			BuildScriptInfoCaches (192ms)
			ResolveRequiredComponents (11ms)
	FinalizeReload (703ms)
		SetupLoadedEditorAssemblies (0ms)
			BeforeProcessingInitializeOnLoad (136ms)
			ProcessInitializeOnLoadAttributes (314ms)
			ProcessInitializeOnLoadMethodAttributes (79ms)
			AfterProcessingInitializeOnLoad (5ms)
		AwakeInstancesAfterBackupRestoration (7ms)
WARNING: Shader Unsupported: 'Hidden/Universal Render Pipeline/Terrain/Lit (Base Pass)' - All subshaders removed
WARNING: Shader Did you use #pragma only_renderers and omit this platform?
WARNING: Shader If subshaders removal was intentional, you may have forgotten turning Fallback off?
WARNING: Shader Unsupported: 'Universal Render Pipeline/Terrain/Lit' - All subshaders removed
WARNING: Shader Did you use #pragma only_renderers and omit this platform?
WARNING: Shader If subshaders removal was intentional, you may have forgotten turning Fallback off?
Unloading 58 Unused Serialized files (Serialized files now loaded: 0)
Unloading 7461 unused Assets / (9.3 MB). Loaded Objects now: 8177.
Memory consumption went from 183.2 MB to 173.9 MB.
Total: 13.009000 ms (FindLiveObjects: 0.966100 ms CreateObjectMapping: 0.750800 ms MarkObjects: 5.204100 ms  DeleteObjects: 6.086300 ms)

Prepare: number of updated asset objects reloaded= 0
========================================================================
Received Import Request.
  Time since last request: 1168.492153 seconds.
  path: Assets/Scripts/Spikes/Kill.cs
  importAddress: Guid(f4dc9e4e42426ad43b30bff337b51422) Importer(815301076,1909f56bfc062723c751e8b465ee728b)
Start importing Assets/Scripts/Spikes/Kill.cs using Guid(f4dc9e4e42426ad43b30bff337b51422) Importer(815301076,1909f56bfc062723c751e8b465ee728b) (PreviewImporter) -> (Import Result ID: '52e2f46ad387454db1127430432c5184') in 0.0047956 seconds [static and dynamic dependencies]. Details - ImportResultOutputID=d30d72e86d2b7517fab74c1351cc413f DependenciesID=11d11201402e1ca42c7d3501d5d3b47a StaticDependenciesID=f47623854fb4dd50f40f4546ef42c9e3 
Number of updated asset objects reloaded before import = 0Number of asset objects unloaded after import = 0

========================================================================
Received Prepare
Begin MonoManager ReloadAssembly
Assembly Assembly-CSharp-Editor-firstpass.dll at Library/ScriptAssemblies/Assembly-CSharp-Editor-firstpass.dll not valid. Loading of assembly skipped.
Assembly Assembly-CSharp-Editor.dll at Library/ScriptAssemblies/Assembly-CSharp-Editor.dll not valid. Loading of assembly skipped.
Assembly Assembly-CSharp-firstpass.dll at Library/ScriptAssemblies/Assembly-CSharp-firstpass.dll not valid. Loading of assembly skipped.
Assembly Cinemachine.Editor.Tests.dll at Library/ScriptAssemblies/Cinemachine.Editor.Tests.dll not valid. Loading of assembly skipped.
Assembly Cinemachine.Runtime.Tests.dll at Library/ScriptAssemblies/Cinemachine.Runtime.Tests.dll not valid. Loading of assembly skipped.
Assembly DocCodeExamples.dll at Library/ScriptAssemblies/DocCodeExamples.dll not valid. Loading of assembly skipped.
Assembly TestNewCustomAssembly.dll at Library/ScriptAssemblies/TestNewCustomAssembly.dll not valid. Loading of assembly skipped.
Assembly Unity.2D.Animation.EditorTests.dll at Library/ScriptAssemblies/Unity.2D.Animation.EditorTests.dll not valid. Loading of assembly skipped.
Assembly Unity.2D.Aseprite.EditorTests.dll at Library/ScriptAssemblies/Unity.2D.Aseprite.EditorTests.dll not valid. Loading of assembly skipped.
Assembly Unity.2D.Common.EditorTests.dll at Library/ScriptAssemblies/Unity.2D.Common.EditorTests.dll not valid. Loading of assembly skipped.
Assembly Unity.2D.Psdimporter.EditorTests.dll at Library/ScriptAssemblies/Unity.2D.Psdimporter.EditorTests.dll not valid. Loading of assembly skipped.
Assembly Unity.2D.Sprite.Package.EditorTests.dll at Library/ScriptAssemblies/Unity.2D.Sprite.Package.EditorTests.dll not valid. Loading of assembly skipped.
Assembly Unity.2D.SpriteShape.EditorTests.dll at Library/ScriptAssemblies/Unity.2D.SpriteShape.EditorTests.dll not valid. Loading of assembly skipped.
Assembly Unity.2D.Tilemap.Package.EditorTests.dll at Library/ScriptAssemblies/Unity.2D.Tilemap.Package.EditorTests.dll not valid. Loading of assembly skipped.
Assembly Unity.Collections.BurstCompatibilityGen.dll at Library/ScriptAssemblies/Unity.Collections.BurstCompatibilityGen.dll not valid. Loading of assembly skipped.
Assembly Unity.Collections.DocCodeSamples.dll at Library/ScriptAssemblies/Unity.Collections.DocCodeSamples.dll not valid. Loading of assembly skipped.
Assembly Unity.Collections.PerformanceTests.dll at Library/ScriptAssemblies/Unity.Collections.PerformanceTests.dll not valid. Loading of assembly skipped.
Assembly Unity.Collections.Tests.dll at Library/ScriptAssemblies/Unity.Collections.Tests.dll not valid. Loading of assembly skipped.
Assembly Unity.Collections.Tests.Playmode.dll at Library/ScriptAssemblies/Unity.Collections.Tests.Playmode.dll not valid. Loading of assembly skipped.
Assembly Unity.InputSystem.IntegrationTests.dll at Library/ScriptAssemblies/Unity.InputSystem.IntegrationTests.dll not valid. Loading of assembly skipped.
Assembly Unity.Mathematics.Tests.dll at Library/ScriptAssemblies/Unity.Mathematics.Tests.dll not valid. Loading of assembly skipped.
Assembly Unity.Multiplayer.Center.Editor.Tests.dll at Library/ScriptAssemblies/Unity.Multiplayer.Center.Editor.Tests.dll not valid. Loading of assembly skipped.
Assembly Unity.Multiplayer.Center.Tests.dll at Library/ScriptAssemblies/Unity.Multiplayer.Center.Tests.dll not valid. Loading of assembly skipped.
Assembly Unity.Nuget.Mono-Cecil.dll at Library/ScriptAssemblies/Unity.Nuget.Mono-Cecil.dll not valid. Loading of assembly skipped.
Assembly Unity.PathTracing.Editor.Tests.dll at Library/ScriptAssemblies/Unity.PathTracing.Editor.Tests.dll not valid. Loading of assembly skipped.
Assembly Unity.PathTracing.Runtime.Tests.dll at Library/ScriptAssemblies/Unity.PathTracing.Runtime.Tests.dll not valid. Loading of assembly skipped.
Assembly Unity.RenderPipelines.Core.Editor.Tests.dll at Library/ScriptAssemblies/Unity.RenderPipelines.Core.Editor.Tests.dll not valid. Loading of assembly skipped.
Assembly Unity.RenderPipelines.Core.Runtime.Tests.dll at Library/ScriptAssemblies/Unity.RenderPipelines.Core.Runtime.Tests.dll not valid. Loading of assembly skipped.
Assembly Unity.RenderPipelines.Universal.Config.Editor.Tests.dll at Library/ScriptAssemblies/Unity.RenderPipelines.Universal.Config.Editor.Tests.dll not valid. Loading of assembly skipped.
Assembly Unity.RenderPipelines.Universal.Editor.Tests.dll at Library/ScriptAssemblies/Unity.RenderPipelines.Universal.Editor.Tests.dll not valid. Loading of assembly skipped.
Assembly Unity.RenderPipelines.Universal.Runtime.Tests.dll at Library/ScriptAssemblies/Unity.RenderPipelines.Universal.Runtime.Tests.dll not valid. Loading of assembly skipped.
Assembly Unity.Searcher.EditorTests.dll at Library/ScriptAssemblies/Unity.Searcher.EditorTests.dll not valid. Loading of assembly skipped.
Assembly Unity.ShaderGraph.Editor.Tests.dll at Library/ScriptAssemblies/Unity.ShaderGraph.Editor.Tests.dll not valid. Loading of assembly skipped.
Assembly Unity.TextMeshPro.Editor.Tests.dll at Library/ScriptAssemblies/Unity.TextMeshPro.Editor.Tests.dll not valid. Loading of assembly skipped.
Assembly Unity.TextMeshPro.Tests.dll at Library/ScriptAssemblies/Unity.TextMeshPro.Tests.dll not valid. Loading of assembly skipped.
Assembly Unity.UnifiedRayTracing.Editor.Tests.dll at Library/ScriptAssemblies/Unity.UnifiedRayTracing.Editor.Tests.dll not valid. Loading of assembly skipped.
Assembly UnityEditor.UI.Common.Tests.dll at Library/ScriptAssemblies/UnityEditor.UI.Common.Tests.dll not valid. Loading of assembly skipped.
Assembly UnityEditor.UI.EditorTests.dll at Library/ScriptAssemblies/UnityEditor.UI.EditorTests.dll not valid. Loading of assembly skipped.
Assembly UnityEngine.UI.Tests.dll at Library/ScriptAssemblies/UnityEngine.UI.Tests.dll not valid. Loading of assembly skipped.
Native extension for WindowsStandalone target not found
[Package Manager] Failed to launch server process. Reason: Unity was launched with the -noUpm command-line argument
[Package Manager] Unable to send message (not connected to server process).
[Package Manager] Cannot connect to Unity Package Manager local server
[Package Manager] Failed to launch server process. Reason: Unity was launched with the -noUpm command-line argument
[Package Manager] Unable to send message (not connected to server process).
[Package Manager] Cannot connect to Unity Package Manager local server
ScheduleIndexationOnStartup MainProcess:False IndexOnStartup:True
Mono: successfully reloaded assembly
- Finished resetting the current domain, in  0.795 seconds
Domain Reload Profiling: 1492ms
	BeginReloadAssembly (176ms)
		DisableScriptedObjects (10ms)
		CreateAndSetChildDomain (35ms)
	RebuildCommonClasses (34ms)
	RebuildNativeTypeToScriptingClass (11ms)
	initialDomainReloadingComplete (61ms)
	LoadAllAssembliesAndSetupDomain (414ms)
		LoadAssemblies (305ms)
		AnalyzeDomain (191ms)
			TypeCache.Refresh (9ms)
			BuildScriptInfoCaches (172ms)
			ResolveRequiredComponents (9ms)
	FinalizeReload (796ms)
		SetupLoadedEditorAssemblies (0ms)
			BeforeProcessingInitializeOnLoad (129ms)
			ProcessInitializeOnLoadAttributes (359ms)
			ProcessInitializeOnLoadMethodAttributes (122ms)
			AfterProcessingInitializeOnLoad (8ms)
		AwakeInstancesAfterBackupRestoration (11ms)
WARNING: Shader Unsupported: 'Hidden/Universal Render Pipeline/Terrain/Lit (Base Pass)' - All subshaders removed
WARNING: Shader Did you use #pragma only_renderers and omit this platform?
WARNING: Shader If subshaders removal was intentional, you may have forgotten turning Fallback off?
WARNING: Shader Unsupported: 'Universal Render Pipeline/Terrain/Lit' - All subshaders removed
WARNING: Shader Did you use #pragma only_renderers and omit this platform?
WARNING: Shader If subshaders removal was intentional, you may have forgotten turning Fallback off?
Refreshing native plugins compatible for Editor in 2.79 ms, found 5 plugins.
Unloading 58 Unused Serialized files (Serialized files now loaded: 0)
Unloading 7461 unused Assets / (9.0 MB). Loaded Objects now: 8180.
Memory consumption went from 162.8 MB to 153.8 MB.
Total: 20.090900 ms (FindLiveObjects: 1.730500 ms CreateObjectMapping: 1.964400 ms MarkObjects: 9.083800 ms  DeleteObjects: 7.310000 ms)

Prepare: number of updated asset objects reloaded= 0
========================================================================
Received Prepare
Begin MonoManager ReloadAssembly
[Licensing::Client] Successfully resolved entitlement details
Assembly Assembly-CSharp-Editor-firstpass.dll at Library/ScriptAssemblies/Assembly-CSharp-Editor-firstpass.dll not valid. Loading of assembly skipped.
Assembly Assembly-CSharp-Editor.dll at Library/ScriptAssemblies/Assembly-CSharp-Editor.dll not valid. Loading of assembly skipped.
Assembly Assembly-CSharp-firstpass.dll at Library/ScriptAssemblies/Assembly-CSharp-firstpass.dll not valid. Loading of assembly skipped.
Assembly Cinemachine.Editor.Tests.dll at Library/ScriptAssemblies/Cinemachine.Editor.Tests.dll not valid. Loading of assembly skipped.
Assembly Cinemachine.Runtime.Tests.dll at Library/ScriptAssemblies/Cinemachine.Runtime.Tests.dll not valid. Loading of assembly skipped.
Assembly DocCodeExamples.dll at Library/ScriptAssemblies/DocCodeExamples.dll not valid. Loading of assembly skipped.
Assembly TestNewCustomAssembly.dll at Library/ScriptAssemblies/TestNewCustomAssembly.dll not valid. Loading of assembly skipped.
Assembly Unity.2D.Animation.EditorTests.dll at Library/ScriptAssemblies/Unity.2D.Animation.EditorTests.dll not valid. Loading of assembly skipped.
Assembly Unity.2D.Aseprite.EditorTests.dll at Library/ScriptAssemblies/Unity.2D.Aseprite.EditorTests.dll not valid. Loading of assembly skipped.
Assembly Unity.2D.Common.EditorTests.dll at Library/ScriptAssemblies/Unity.2D.Common.EditorTests.dll not valid. Loading of assembly skipped.
Assembly Unity.2D.Psdimporter.EditorTests.dll at Library/ScriptAssemblies/Unity.2D.Psdimporter.EditorTests.dll not valid. Loading of assembly skipped.
Assembly Unity.2D.Sprite.Package.EditorTests.dll at Library/ScriptAssemblies/Unity.2D.Sprite.Package.EditorTests.dll not valid. Loading of assembly skipped.
Assembly Unity.2D.SpriteShape.EditorTests.dll at Library/ScriptAssemblies/Unity.2D.SpriteShape.EditorTests.dll not valid. Loading of assembly skipped.
Assembly Unity.2D.Tilemap.Package.EditorTests.dll at Library/ScriptAssemblies/Unity.2D.Tilemap.Package.EditorTests.dll not valid. Loading of assembly skipped.
Assembly Unity.Collections.BurstCompatibilityGen.dll at Library/ScriptAssemblies/Unity.Collections.BurstCompatibilityGen.dll not valid. Loading of assembly skipped.
Assembly Unity.Collections.DocCodeSamples.dll at Library/ScriptAssemblies/Unity.Collections.DocCodeSamples.dll not valid. Loading of assembly skipped.
Assembly Unity.Collections.PerformanceTests.dll at Library/ScriptAssemblies/Unity.Collections.PerformanceTests.dll not valid. Loading of assembly skipped.
Assembly Unity.Collections.Tests.dll at Library/ScriptAssemblies/Unity.Collections.Tests.dll not valid. Loading of assembly skipped.
Assembly Unity.Collections.Tests.Playmode.dll at Library/ScriptAssemblies/Unity.Collections.Tests.Playmode.dll not valid. Loading of assembly skipped.
Assembly Unity.InputSystem.IntegrationTests.dll at Library/ScriptAssemblies/Unity.InputSystem.IntegrationTests.dll not valid. Loading of assembly skipped.
Assembly Unity.Mathematics.Tests.dll at Library/ScriptAssemblies/Unity.Mathematics.Tests.dll not valid. Loading of assembly skipped.
Assembly Unity.Multiplayer.Center.Editor.Tests.dll at Library/ScriptAssemblies/Unity.Multiplayer.Center.Editor.Tests.dll not valid. Loading of assembly skipped.
Assembly Unity.Multiplayer.Center.Tests.dll at Library/ScriptAssemblies/Unity.Multiplayer.Center.Tests.dll not valid. Loading of assembly skipped.
Assembly Unity.Nuget.Mono-Cecil.dll at Library/ScriptAssemblies/Unity.Nuget.Mono-Cecil.dll not valid. Loading of assembly skipped.
Assembly Unity.PathTracing.Editor.Tests.dll at Library/ScriptAssemblies/Unity.PathTracing.Editor.Tests.dll not valid. Loading of assembly skipped.
Assembly Unity.PathTracing.Runtime.Tests.dll at Library/ScriptAssemblies/Unity.PathTracing.Runtime.Tests.dll not valid. Loading of assembly skipped.
Assembly Unity.RenderPipelines.Core.Editor.Tests.dll at Library/ScriptAssemblies/Unity.RenderPipelines.Core.Editor.Tests.dll not valid. Loading of assembly skipped.
Assembly Unity.RenderPipelines.Core.Runtime.Tests.dll at Library/ScriptAssemblies/Unity.RenderPipelines.Core.Runtime.Tests.dll not valid. Loading of assembly skipped.
Assembly Unity.RenderPipelines.Universal.Config.Editor.Tests.dll at Library/ScriptAssemblies/Unity.RenderPipelines.Universal.Config.Editor.Tests.dll not valid. Loading of assembly skipped.
Assembly Unity.RenderPipelines.Universal.Editor.Tests.dll at Library/ScriptAssemblies/Unity.RenderPipelines.Universal.Editor.Tests.dll not valid. Loading of assembly skipped.
Assembly Unity.RenderPipelines.Universal.Runtime.Tests.dll at Library/ScriptAssemblies/Unity.RenderPipelines.Universal.Runtime.Tests.dll not valid. Loading of assembly skipped.
Assembly Unity.Searcher.EditorTests.dll at Library/ScriptAssemblies/Unity.Searcher.EditorTests.dll not valid. Loading of assembly skipped.
Assembly Unity.ShaderGraph.Editor.Tests.dll at Library/ScriptAssemblies/Unity.ShaderGraph.Editor.Tests.dll not valid. Loading of assembly skipped.
Assembly Unity.TextMeshPro.Editor.Tests.dll at Library/ScriptAssemblies/Unity.TextMeshPro.Editor.Tests.dll not valid. Loading of assembly skipped.
Assembly Unity.TextMeshPro.Tests.dll at Library/ScriptAssemblies/Unity.TextMeshPro.Tests.dll not valid. Loading of assembly skipped.
Assembly Unity.UnifiedRayTracing.Editor.Tests.dll at Library/ScriptAssemblies/Unity.UnifiedRayTracing.Editor.Tests.dll not valid. Loading of assembly skipped.
Assembly UnityEditor.UI.Common.Tests.dll at Library/ScriptAssemblies/UnityEditor.UI.Common.Tests.dll not valid. Loading of assembly skipped.
Assembly UnityEditor.UI.EditorTests.dll at Library/ScriptAssemblies/UnityEditor.UI.EditorTests.dll not valid. Loading of assembly skipped.
Assembly UnityEngine.UI.Tests.dll at Library/ScriptAssemblies/UnityEngine.UI.Tests.dll not valid. Loading of assembly skipped.
Native extension for WindowsStandalone target not found
[Package Manager] Failed to launch server process. Reason: Unity was launched with the -noUpm command-line argument
[Package Manager] Unable to send message (not connected to server process).
[Package Manager] Cannot connect to Unity Package Manager local server
[Package Manager] Failed to launch server process. Reason: Unity was launched with the -noUpm command-line argument
[Package Manager] Unable to send message (not connected to server process).
[Package Manager] Cannot connect to Unity Package Manager local server
ScheduleIndexationOnStartup MainProcess:False IndexOnStartup:True
Mono: successfully reloaded assembly
- Finished resetting the current domain, in  0.615 seconds
Domain Reload Profiling: 1377ms
	BeginReloadAssembly (198ms)
		DisableScriptedObjects (15ms)
		CreateAndSetChildDomain (38ms)
	RebuildCommonClasses (38ms)
	RebuildNativeTypeToScriptingClass (11ms)
	initialDomainReloadingComplete (65ms)
	LoadAllAssembliesAndSetupDomain (450ms)
		LoadAssemblies (329ms)
		AnalyzeDomain (208ms)
			TypeCache.Refresh (13ms)
			BuildScriptInfoCaches (181ms)
			ResolveRequiredComponents (12ms)
	FinalizeReload (615ms)
		SetupLoadedEditorAssemblies (0ms)
			BeforeProcessingInitializeOnLoad (130ms)
			ProcessInitializeOnLoadAttributes (272ms)
			ProcessInitializeOnLoadMethodAttributes (74ms)
			AfterProcessingInitializeOnLoad (4ms)
		AwakeInstancesAfterBackupRestoration (6ms)
WARNING: Shader Unsupported: 'Hidden/Universal Render Pipeline/Terrain/Lit (Base Pass)' - All subshaders removed
WARNING: Shader Did you use #pragma only_renderers and omit this platform?
WARNING: Shader If subshaders removal was intentional, you may have forgotten turning Fallback off?
WARNING: Shader Unsupported: 'Universal Render Pipeline/Terrain/Lit' - All subshaders removed
WARNING: Shader Did you use #pragma only_renderers and omit this platform?
WARNING: Shader If subshaders removal was intentional, you may have forgotten turning Fallback off?
Unloading 58 Unused Serialized files (Serialized files now loaded: 0)
Unloading 7461 unused Assets / (8.0 MB). Loaded Objects now: 8183.
Memory consumption went from 165.3 MB to 157.3 MB.
Total: 9.938200 ms (FindLiveObjects: 0.820500 ms CreateObjectMapping: 0.616300 ms MarkObjects: 5.037400 ms  DeleteObjects: 3.463000 ms)

Prepare: number of updated asset objects reloaded= 0
========================================================================
Received Import Request.
  Time since last request: 91.490304 seconds.
  path: Assets/Levels/Level1.unity
  importAddress: Guid(8c9cfa26abfee488c85f1582747f6a02) Importer(2089858483,b0f066a214c2f5e87bad3c948f4d605d)
Start importing Assets/Levels/Level1.unity using Guid(8c9cfa26abfee488c85f1582747f6a02) Importer(2089858483,b0f066a214c2f5e87bad3c948f4d605d) (ScriptedImporter) -> (Import Result ID: 'b1fea0a5323d9653e3000bd9c7d6f84e') in 0.0701879 seconds [static and dynamic dependencies]. Details - ImportResultOutputID=8e974cbca5d782da7113481fa5f1f872 DependenciesID=80f0a56631d7bc982ec187b456fe123e StaticDependenciesID=be10a41a56902ab14c902c80c2ccffe3 
Number of updated asset objects reloaded before import = 0Number of asset objects unloaded after import = 1

========================================================================
Received Import Request.
  Time since last request: 0.000057 seconds.
  path: Assets/Scripts/Player/PlayerMovement.cs
  importAddress: Guid(885f691ab0835bf43a56a4e959c08155) Importer(2089858483,b0f066a214c2f5e87bad3c948f4d605d)
Start importing Assets/Scripts/Player/PlayerMovement.cs using Guid(885f691ab0835bf43a56a4e959c08155) Importer(2089858483,b0f066a214c2f5e87bad3c948f4d605d) (ScriptedImporter) -> (Import Result ID: 'a9c12116e956752954d756a66d1658ef') in 0.0263246 seconds [static and dynamic dependencies]. Details - ImportResultOutputID=06a633b89c7601832903c8b815a60eb3 DependenciesID=afd5220f0e2d7ee174ef9cdd900965f7 StaticDependenciesID=a6e73b0c5331cd77bfcbc40bce5ad95a 
Number of updated asset objects reloaded before import = 0Number of asset objects unloaded after import = 0

========================================================================
Received Import Request.
  Time since last request: 255.693467 seconds.
  path: Assets/TextMesh Pro/Resources/Fonts & Materials/LiberationSans SDF - Drop Shadow.mat
  importAddress: Guid(e73a58f6e2794ae7b1b7e50b7fb811b0) Importer(2089858483,b0f066a214c2f5e87bad3c948f4d605d)
Start importing Assets/TextMesh Pro/Resources/Fonts & Materials/LiberationSans SDF - Drop Shadow.mat using Guid(e73a58f6e2794ae7b1b7e50b7fb811b0) Importer(2089858483,b0f066a214c2f5e87bad3c948f4d605d) (ScriptedImporter) -> (Import Result ID: '439edc3dbced165d7fe8aa78457f06e8') in 0.0771946 seconds [static and dynamic dependencies]. Details - ImportResultOutputID=4d9be79587ce1e312477aa15aa5f4cf5 DependenciesID=a50d6a7860a8b6dbb37eef200024da51 StaticDependenciesID=88019135da2da4fcd85cec6acfa02a85 
Number of updated asset objects reloaded before import = 0Number of asset objects unloaded after import = 3

========================================================================
Received Import Request.
  Time since last request: 0.000043 seconds.
  path: Assets/TextMesh Pro/Shaders/TMP_Bitmap-Custom-Atlas.shader
  importAddress: Guid(48bb5f55d8670e349b6e614913f9d910) Importer(2089858483,b0f066a214c2f5e87bad3c948f4d605d)
Start importing Assets/TextMesh Pro/Shaders/TMP_Bitmap-Custom-Atlas.shader using Guid(48bb5f55d8670e349b6e614913f9d910) Importer(2089858483,b0f066a214c2f5e87bad3c948f4d605d) (ScriptedImporter) -> (Import Result ID: 'bd7e808085548463cef305833326b3a5') in 0.0206384 seconds [static and dynamic dependencies]. Details - ImportResultOutputID=62037bd6f986e96685418b31f493dbdd DependenciesID=ea59754a9a55508de2a44606447bd077 StaticDependenciesID=97e2617c6e2d061a39156ef7584ef903 
Number of updated asset objects reloaded before import = 0Number of asset objects unloaded after import = 1

========================================================================
Received Import Request.
  Time since last request: 0.000079 seconds.
  path: Assets/TextMesh Pro/Fonts/LiberationSans.ttf
  importAddress: Guid(e3265ab4bf004d28a9537516768c1c75) Importer(2089858483,b0f066a214c2f5e87bad3c948f4d605d)
Start importing Assets/TextMesh Pro/Fonts/LiberationSans.ttf using Guid(e3265ab4bf004d28a9537516768c1c75) Importer(2089858483,b0f066a214c2f5e87bad3c948f4d605d) (ScriptedImporter) -> (Import Result ID: '245d93ef00898303e2a1bcfee24dc699') in 0.0524106 seconds [static and dynamic dependencies]. Details - ImportResultOutputID=582a8b78b5e75d1e53364a5d43237eef DependenciesID=035077e396e9afcd1945c31a24a3728b StaticDependenciesID=8d7b10ba804405d2fb9a467f6d8c5b4f 
Number of updated asset objects reloaded before import = 0Number of asset objects unloaded after import = 3

========================================================================
Received Import Request.
  Time since last request: 0.000026 seconds.
  path: Assets/TextMesh Pro
  importAddress: Guid(f54d1bd14bd3ca042bd867b519fee8cc) Importer(2089858483,b0f066a214c2f5e87bad3c948f4d605d)
Start importing Assets/TextMesh Pro using Guid(f54d1bd14bd3ca042bd867b519fee8cc) Importer(2089858483,b0f066a214c2f5e87bad3c948f4d605d) (ScriptedImporter) -> (Import Result ID: '0b86d4d444316f8f52ecd93e92287c0e') in 0.0160835 seconds [static and dynamic dependencies]. Details - ImportResultOutputID=0e7f984b4b731fe44051af38128a12e1 DependenciesID=332710a245132542d12f57c54fa9ba1a StaticDependenciesID=624b2b984396a7457cae79cf2a902655 
Number of updated asset objects reloaded before import = 0Number of asset objects unloaded after import = 1

========================================================================
Received Import Request.
  Time since last request: 0.000029 seconds.
  path: Assets/TextMesh Pro/Shaders/TMPro_Surface.cginc
  importAddress: Guid(d930090c0cd643c7b55f19a38538c162) Importer(2089858483,b0f066a214c2f5e87bad3c948f4d605d)
Start importing Assets/TextMesh Pro/Shaders/TMPro_Surface.cginc using Guid(d930090c0cd643c7b55f19a38538c162) Importer(2089858483,b0f066a214c2f5e87bad3c948f4d605d) (ScriptedImporter) -> (Import Result ID: '9960f85c31086f95647c56c8f52182d4') in 0.0172211 seconds [static and dynamic dependencies]. Details - ImportResultOutputID=de8fdd2368f2dec846466534f41a68f3 DependenciesID=cfd80509d6ef5a874d9ac4a7e82067ba StaticDependenciesID=8fb9495c76aeb6809f5b996ebfc0882c 
Number of updated asset objects reloaded before import = 0Number of asset objects unloaded after import = 1

========================================================================
Received Import Request.
  Time since last request: 0.000141 seconds.
  path: Assets/TextMesh Pro/Shaders/TMP_SDF-Surface.shader
  importAddress: Guid(f7ada0af4f174f0694ca6a487b8f543d) Importer(2089858483,b0f066a214c2f5e87bad3c948f4d605d)
Start importing Assets/TextMesh Pro/Shaders/TMP_SDF-Surface.shader using Guid(f7ada0af4f174f0694ca6a487b8f543d) Importer(2089858483,b0f066a214c2f5e87bad3c948f4d605d) (ScriptedImporter) -> (Import Result ID: 'dc32c25d18241a141d3b36d04e37fdd7') in 0.0208407 seconds [static and dynamic dependencies]. Details - ImportResultOutputID=1019846bea945741c509886790f0143b DependenciesID=fdacfda39366ab1b6fa3f40c20a9a1c8 StaticDependenciesID=4be9fe2bc8c8a5e12a808b7d050f93d3 
Number of updated asset objects reloaded before import = 0Number of asset objects unloaded after import = 1

========================================================================
Received Import Request.
  Time since last request: 0.000046 seconds.
  path: Assets/TextMesh Pro/Resources/Fonts & Materials/LiberationSans SDF - Outline.mat
  importAddress: Guid(79459efec17a4d00a321bdcc27bbc385) Importer(2089858483,b0f066a214c2f5e87bad3c948f4d605d)
Start importing Assets/TextMesh Pro/Resources/Fonts & Materials/LiberationSans SDF - Outline.mat using Guid(79459efec17a4d00a321bdcc27bbc385) Importer(2089858483,b0f066a214c2f5e87bad3c948f4d605d) (ScriptedImporter) -> (Import Result ID: '95ad26952149d230f04eed2bc58ad2c6') in 0.0306925 seconds [static and dynamic dependencies]. Details - ImportResultOutputID=4e51c8a7ab0821492c08012e72f6381f DependenciesID=605ea2213ca3bb1f4d99fd6bc5e55f86 StaticDependenciesID=f2f0736f3a5db41089dc2de22e52e727 
Number of updated asset objects reloaded before import = 0Number of asset objects unloaded after import = 3

========================================================================
Received Import Request.
  Time since last request: 0.000032 seconds.
  path: Assets/TextMesh Pro/Resources/Style Sheets
  importAddress: Guid(4aecb92fff08436c8303b10eab8da368) Importer(2089858483,b0f066a214c2f5e87bad3c948f4d605d)
Start importing Assets/TextMesh Pro/Resources/Style Sheets using Guid(4aecb92fff08436c8303b10eab8da368) Importer(2089858483,b0f066a214c2f5e87bad3c948f4d605d) (ScriptedImporter) -> (Import Result ID: '1f02563b898154612811bb1b84be3602') in 0.0241031 seconds [static and dynamic dependencies]. Details - ImportResultOutputID=7bca0d889f0a53c452913d9e19d35102 DependenciesID=c4139db188f1135c42bf1899f422bd8f StaticDependenciesID=2dbaeaf09333d8b388deb1801888d23a 
Number of updated asset objects reloaded before import = 0Number of asset objects unloaded after import = 1

========================================================================
Received Import Request.
  Time since last request: 0.000030 seconds.
  path: Assets/TextMesh Pro/Resources
  importAddress: Guid(243e06394e614e5d99fab26083b707fa) Importer(2089858483,b0f066a214c2f5e87bad3c948f4d605d)
Start importing Assets/TextMesh Pro/Resources using Guid(243e06394e614e5d99fab26083b707fa) Importer(2089858483,b0f066a214c2f5e87bad3c948f4d605d) (ScriptedImporter) -> (Import Result ID: 'eef0821711cd0d96594955692011d02f') in 0.0157831 seconds [static and dynamic dependencies]. Details - ImportResultOutputID=ac96091e0791605b8a2545f50143a850 DependenciesID=7101ddfc19bf93d19474cdca59102545 StaticDependenciesID=a2a3a459437f6606865570dea647627b 
Number of updated asset objects reloaded before import = 0Number of asset objects unloaded after import = 1

========================================================================
Received Import Request.
  Time since last request: 0.000059 seconds.
  path: Assets/TextMesh Pro/Shaders/TMP_SDF-HDRP UNLIT.shadergraph
  importAddress: Guid(f63d574838ccfb44f84acc05fed0af48) Importer(2089858483,b0f066a214c2f5e87bad3c948f4d605d)
Start importing Assets/TextMesh Pro/Shaders/TMP_SDF-HDRP UNLIT.shadergraph using Guid(f63d574838ccfb44f84acc05fed0af48) Importer(2089858483,b0f066a214c2f5e87bad3c948f4d605d) (ScriptedImporter) -> (Import Result ID: 'fad28bf889d090a4f7f19901a672301f') in 0.0519647 seconds [static and dynamic dependencies]. Details - ImportResultOutputID=9f1b199149ac246e7b18d9a60eadddc5 DependenciesID=5d80eade8f3ba71b3349bcc94ff3941a StaticDependenciesID=76664a18f50202a4e669f6b3997590d2 
Number of updated asset objects reloaded before import = 0Number of asset objects unloaded after import = 3

========================================================================
Received Import Request.
  Time since last request: 0.000030 seconds.
  path: Assets/TextMesh Pro/Shaders/TMPro.cginc
  importAddress: Guid(407bc68d299748449bbf7f48ee690f8d) Importer(2089858483,b0f066a214c2f5e87bad3c948f4d605d)
Start importing Assets/TextMesh Pro/Shaders/TMPro.cginc using Guid(407bc68d299748449bbf7f48ee690f8d) Importer(2089858483,b0f066a214c2f5e87bad3c948f4d605d) (ScriptedImporter) -> (Import Result ID: '80b9bcd9657f129e0a11b3301adf6ee6') in 0.0154655 seconds [static and dynamic dependencies]. Details - ImportResultOutputID=3e5eb3e31ad86d8c0ff437fefb4dd2a8 DependenciesID=ddf0e0bb782239c71e88184cf31ab7f6 StaticDependenciesID=5392e794b82f768427ad6b171babacf0 
Number of updated asset objects reloaded before import = 0Number of asset objects unloaded after import = 1

========================================================================
Received Import Request.
  Time since last request: 0.000061 seconds.
  path: Assets/TextMesh Pro/Shaders/TMP_SDF-Mobile-2-Pass.shader
  importAddress: Guid(0178fcb869bafef4690d177d31d17db8) Importer(2089858483,b0f066a214c2f5e87bad3c948f4d605d)
Start importing Assets/TextMesh Pro/Shaders/TMP_SDF-Mobile-2-Pass.shader using Guid(0178fcb869bafef4690d177d31d17db8) Importer(2089858483,b0f066a214c2f5e87bad3c948f4d605d) (ScriptedImporter) -> (Import Result ID: 'ec9e9ff9037ba050677e6d8a5ab76d05') in 0.0230332 seconds [static and dynamic dependencies]. Details - ImportResultOutputID=5cc304b952b3d3aaef987429cd6293f7 DependenciesID=d28afc64ffb5f426007afbfd9eaaa867 StaticDependenciesID=2936f04a1dd55b511cbbf5990c3e04da 
Number of updated asset objects reloaded before import = 0Number of asset objects unloaded after import = 1

========================================================================
Received Import Request.
  Time since last request: 0.000101 seconds.
  path: Assets/TextMesh Pro/Shaders/TMP_SDF-Mobile SSD.shader
  importAddress: Guid(c8d12adcee749c344b8117cf7c7eb912) Importer(2089858483,b0f066a214c2f5e87bad3c948f4d605d)
Start importing Assets/TextMesh Pro/Shaders/TMP_SDF-Mobile SSD.shader using Guid(c8d12adcee749c344b8117cf7c7eb912) Importer(2089858483,b0f066a214c2f5e87bad3c948f4d605d) (ScriptedImporter) -> (Import Result ID: '4ec1c2516a38213d0f86e204ca8544e6') in 0.0157783 seconds [static and dynamic dependencies]. Details - ImportResultOutputID=6373f94bca94ee8e8c7664637732d8d0 DependenciesID=a578f7175b39fdf13d460b2e1918207e StaticDependenciesID=149e413d0571861b315a3fb4601c570f 
Number of updated asset objects reloaded before import = 0Number of asset objects unloaded after import = 1

========================================================================
Received Import Request.
  Time since last request: 0.000143 seconds.
  path: Assets/TextMesh Pro/Shaders/TMP_Bitmap.shader
  importAddress: Guid(128e987d567d4e2c824d754223b3f3b0) Importer(2089858483,b0f066a214c2f5e87bad3c948f4d605d)
Start importing Assets/TextMesh Pro/Shaders/TMP_Bitmap.shader using Guid(128e987d567d4e2c824d754223b3f3b0) Importer(2089858483,b0f066a214c2f5e87bad3c948f4d605d) (ScriptedImporter) -> (Import Result ID: 'c4926f4cd615b78f1db7fad39a4403f9') in 0.016696 seconds [static and dynamic dependencies]. Details - ImportResultOutputID=1316d664887dc5d20a18e93f55a4baeb DependenciesID=7d77b5e9fe754698ef1729636c2edc2b StaticDependenciesID=54796b178d1ac5560e8bbc383702abfe 
Number of updated asset objects reloaded before import = 0Number of asset objects unloaded after import = 1

========================================================================
Received Import Request.
  Time since last request: 0.000176 seconds.
  path: Assets/TextMesh Pro/Shaders/TMP_SDF-HDRP LIT.shadergraph
  importAddress: Guid(ca2ed216f98028c4dae6c5224a952b3c) Importer(2089858483,b0f066a214c2f5e87bad3c948f4d605d)
Start importing Assets/TextMesh Pro/Shaders/TMP_SDF-HDRP LIT.shadergraph using Guid(ca2ed216f98028c4dae6c5224a952b3c) Importer(2089858483,b0f066a214c2f5e87bad3c948f4d605d) (ScriptedImporter) -> (Import Result ID: '6677aba7d887a0c0dd34d80db001734c') in 0.0197966 seconds [static and dynamic dependencies]. Details - ImportResultOutputID=2db4e7ff8d2090efefdfdbef2b08a66a DependenciesID=76e12806a6065d62b500afd134e4cc95 StaticDependenciesID=d2e47b0202b7793cc774999f519fc45b 
Number of updated asset objects reloaded before import = 0Number of asset objects unloaded after import = 3

========================================================================
Received Import Request.
  Time since last request: 0.000033 seconds.
  path: Assets/TextMesh Pro/Shaders/TMP_SDF-URP Unlit.shadergraph
  importAddress: Guid(124c112a6e8f1a54e8b0870e881b56d8) Importer(2089858483,b0f066a214c2f5e87bad3c948f4d605d)
Start importing Assets/TextMesh Pro/Shaders/TMP_SDF-URP Unlit.shadergraph using Guid(124c112a6e8f1a54e8b0870e881b56d8) Importer(2089858483,b0f066a214c2f5e87bad3c948f4d605d) (ScriptedImporter) -> (Import Result ID: '9e46b6c75c12c96623d52bfb269187b9') in 0.0291341 seconds [static and dynamic dependencies]. Details - ImportResultOutputID=9931797c088778d912e799b170ecd6b6 DependenciesID=afc5da04fdbbaec7384850431f6f9974 StaticDependenciesID=2e70c7206d9e4ef7fea767e8a8a682a4 
Number of updated asset objects reloaded before import = 0Number of asset objects unloaded after import = 4

========================================================================
Received Import Request.
  Time since last request: 0.000027 seconds.
  path: Assets/TextMesh Pro/Shaders/SDFFunctions.hlsl
  importAddress: Guid(96de908384869cd409c75efa351d5edf) Importer(2089858483,b0f066a214c2f5e87bad3c948f4d605d)
Start importing Assets/TextMesh Pro/Shaders/SDFFunctions.hlsl using Guid(96de908384869cd409c75efa351d5edf) Importer(2089858483,b0f066a214c2f5e87bad3c948f4d605d) (ScriptedImporter) -> (Import Result ID: 'd1cb459bccdebfd3cac212c2ee3f276c') in 0.0145171 seconds [static and dynamic dependencies]. Details - ImportResultOutputID=a0f3ae705f38751a182ae072dc6c6ba1 DependenciesID=c5c47cfe28a26d40b5e6e41c3c22b780 StaticDependenciesID=3bff8146d83da5cd9352f71ee2ae9e2c 
Number of updated asset objects reloaded before import = 0Number of asset objects unloaded after import = 1

========================================================================
Received Import Request.
  Time since last request: 0.000037 seconds.
  path: Assets/TextMesh Pro/Shaders/TMP_SDF-URP Lit.shadergraph
  importAddress: Guid(a3d800b099a06e0478fb790c5e79057a) Importer(2089858483,b0f066a214c2f5e87bad3c948f4d605d)
Start importing Assets/TextMesh Pro/Shaders/TMP_SDF-URP Lit.shadergraph using Guid(a3d800b099a06e0478fb790c5e79057a) Importer(2089858483,b0f066a214c2f5e87bad3c948f4d605d) (ScriptedImporter) -> (Import Result ID: 'a2250f22caf7e1c9082e228085b721c3') in 0.0380262 seconds [static and dynamic dependencies]. Details - ImportResultOutputID=2ea34d8a979effb639aab23dbc358f20 DependenciesID=eba4c844979062d470c739f308d4f02a StaticDependenciesID=862a4b64adc3cbc3af4bdbed03dcd58a 
Number of updated asset objects reloaded before import = 0Number of asset objects unloaded after import = 4

========================================================================
Received Import Request.
  Time since last request: 0.000030 seconds.
  path: Assets/TextMesh Pro/Resources/Fonts & Materials/LiberationSans SDF - Fallback.asset
  importAddress: Guid(2e498d1c8094910479dc3e1b768306a4) Importer(2089858483,b0f066a214c2f5e87bad3c948f4d605d)
Start importing Assets/TextMesh Pro/Resources/Fonts & Materials/LiberationSans SDF - Fallback.asset using Guid(2e498d1c8094910479dc3e1b768306a4) Importer(2089858483,b0f066a214c2f5e87bad3c948f4d605d) (ScriptedImporter) -> (Import Result ID: '36e3f62f37b9800ce56bb759e34923f2') in 0.0615237 seconds [static and dynamic dependencies]. Details - ImportResultOutputID=9c2988451aaf03820c99581eeb442e00 DependenciesID=edf6f769862fa712861445a95d4b60f7 StaticDependenciesID=8517010cdcf415fd45c6afe5df9513bc 
Number of updated asset objects reloaded before import = 0Number of asset objects unloaded after import = 6

Editor requested this worker to shutdown with reason: Scaling down because of idle timeout
AssetImportWorker is now disconnected from the server
Process exiting
Exiting without the bug reporter. Application will terminate with return code 0